step,episode,ep_reward_mean,ep_len_mean,policy_loss,value_loss,entropy,approx_kl,learning_rate,entropy_coef,collision_rate,offroad_rate,success_rate,fps,clipfrac,explained_variance,grad_norm,avg_speed,lane_deviation,lane_change_count,min_ttc,path_completion
6144,1,0,0,-0.00908448753234552,0.020206987345591187,4.131065183877945,0.01371311793918919,8e-05,0.02,0,0,0,275.2398495480745,0.30392253482714293,0.03298002481460571,1.996288612484932,0,0,0,0,0
12288,2,10.271314083370555,965.9,-0.007843382597638993,0.035716910497285426,4.18792177438736,0.010604485412480134,8e-05,0.0199424,0.1,0.0,0.0,290.3488259103181,0.2678222731687129,0.06387048959732056,2.044950457662344,0.22856219746039255,0.551477871460099,0.0,0,0.05092632097047802
18432,3,0,0,-0.0036577973518433283,0.1434840767644346,4.184183371067047,0.009817191154436704,8e-05,0.0198848,0,0,0,263.48008719508925,0.22576498171983986,0.10643988847732544,1.6960896752774715,0,0,0,0,0
24576,4,7.631962582751274,1000.0,-0.006569194965413772,0.07691868469119072,4.185902047157287,0.010039096773837726,8e-05,0.0198272,0.1,0.0,0.0,276.74330441216705,0.25161133501678706,0.3299712538719177,1.8174231395125389,0.2997218146061675,0.8831814694956146,0.0,0,0.05787903199468407
30720,5,0,0,-0.0063004834126331845,0.10291926572099327,4.114068788290024,0.01011535141733673,8e-05,0.019769600000000002,0,0,0,262.3740470363582,0.23777669928967954,0.3764817714691162,2.4996723748743532,0,0,0,0,0
36864,6,-40.64809598049642,956.4,-0.006140835669793887,0.2374719649553299,4.171511030197143,0.011298151512166232,8e-05,0.019712,0.3,0.0,0.0,286.44943440367496,0.23191732447594404,0.3933747410774231,2.3269999653100966,0.34792649664276193,0.9406069188696005,0.0,0,0.08311533525117129
43008,7,0,0,0.0009424997425412585,57.70809636116028,4.150382322072983,0.005302348123043495,8e-05,0.0196544,0,0,0,279.79669402651115,0.09433594049187377,-0.02556455135345459,10.10781016945839,0,0,0,0,0
49152,8,-66.71211027116888,790.8,5.948302277829498e-05,16.42370275259018,4.251928287744522,0.009166585937011387,8e-05,0.0195968,0.5,0.0,0.0,292.099600896187,0.19083659341558815,-0.03484368324279785,4.5948263220489025,0.41485920169492746,0.8567758655675896,0.0,0,0.07533995760113851
55296,9,0,0,-0.005316002750623739,0.43463516402989627,4.25676417350769,0.011114539532720727,8e-05,0.0195392,0,0,0,269.63168539825955,0.22687175192404538,0.4056289792060852,3.5865994967520236,0,0,0,0,0
61440,10,-82.30089974287098,866.4,0.0019839021129882894,51.458672285079956,4.271053892374039,0.006279651484512948,8e-05,0.0194816,0.5,0.0,0.0,262.291117183627,0.12067057665408357,-0.019783973693847656,10.777827787399293,0.48212132251155726,0.9705324674392797,0.0,0,0.10642180117955172
67584,11,0,0,0.0009207825387420598,6.176577833294869,4.229167252779007,0.006909522095886406,8e-05,0.019424,0,0,0,282.1396333801296,0.13409831072203815,0.10673719644546509,6.243214224278927,0,0,0,0,0
73728,12,-25.14422369764199,917.3,0.0009376650603371672,41.98855133056641,4.334476834535598,0.0030687736467388603,8e-05,0.0193664,0.4,0.0,0.0,298.69755372027157,0.05834961092332378,0.019150078296661377,11.889842945337296,0.4640131372771184,0.9534810540147312,0.0,0,0.10392438378546245
79872,13,0,0,0.00019003096385858954,69.87710952758789,4.305792528390884,0.0021080316463231463,8e-05,0.0193088,0,0,0,263.3805629551487,0.038362631214840806,0.0554080605506897,20.144611516594885,0,0,0,0,0
86016,14,-59.041904776630155,687.9,-0.00038201974202820563,45.658336067199706,4.408344453573227,0.004047336017540712,8e-05,0.0192512,0.8,0.0,0.0,292.2972484433805,0.0869140653172508,0.1629604697227478,20.212986367940903,0.4594694099282175,0.9315552889415336,0.0,0,0.07708896740235543
92160,15,0,0,0.0005124793111463078,66.9486752986908,4.390877854824066,0.002786708076418831,8e-05,0.0191936,0,0,0,280.2243453392383,0.053808595416194295,0.11882877349853516,32.46663698554039,0,0,0,0,0
98304,16,-113.57402344524023,621.6,0.0003126660951238591,23.283269774913787,4.321139132976532,0.005021215375588466,8e-05,0.019136,0.6,0.0,0.0,273.535418451927,0.10120443032938056,0.27948248386383057,27.970696195960045,0.5286610990860229,0.7775674363226486,0.0,0,0.08742027626067353
104448,17,0,0,0.0009397744288435206,23.88026032447815,4.410864365100861,0.008655249766890985,8e-05,0.0190784,0,0,0,278.88082396632393,0.1621744833770208,-0.10191917419433594,11.48225190192461,0,0,0,0,0
110592,18,-134.350792643527,590.2,0.001508366714551812,62.92223601341247,4.359775042533874,0.003530717863761667,8e-05,0.0190208,0.8,0.0,0.0,277.1545832908779,0.059179689224401956,0.10183537006378174,27.91075819134712,0.5951418719498955,0.696118969877994,0.0,0,0.07596955807262203
116736,19,0,0,0.0004923399906147097,72.43587183952332,4.354193031787872,0.0032056413147105887,8e-05,0.0189632,0,0,0,284.2567703346979,0.06183268446620786,0.0719292163848877,30.03485911786556,0,0,0,0,0
122880,20,-40.00119964153238,838.2,0.00023927515467221384,28.09611384868622,4.437016308307648,0.0072753494852824075,8e-05,0.0189056,0.5,0.0,0.0,302.5008130548935,0.12102864884654992,0.2579798698425293,25.337889793515206,0.5010325839397142,0.8474501803650523,0.0,0,0.10063470500322327
129024,21,0,0,0.00028458697879614193,102.47740468978881,4.446418613195419,0.0038242984155678686,8e-05,0.018848,0,0,0,261.4990944573581,0.06829427267366554,-0.02273106575012207,29.394624510407446,0,0,0,0,0
135168,22,-32.57019007838943,966.1,0.001376187212736113,39.59470586776733,4.489103919267654,0.006988801086847603,8e-05,0.018790400000000002,0.2,0.0,0.0,330.8267647951426,0.1281901075213682,0.11332184076309204,22.184893479943277,0.5306803971620206,0.5964429795581776,0.0,0,0.12845248897466252
141312,23,0,0,0.001286623028863687,25.817518973350523,4.528627389669419,0.0061754312231665194,8e-05,0.0187328,0,0,0,293.87964103577247,0.11603190312162041,0.24463635683059692,21.289969891309738,0,0,0,0,0
147456,24,-69.20199888822506,773.9,0.002742435669642873,19.645212769508362,4.546322047710419,0.008457221933352072,8e-05,0.0186752,0.6,0.0,0.0,298.6707067682914,0.1472981814033119,-0.04364514350891113,21.97598661482334,0.4963262077769607,0.9943891914734204,0.0,0,0.08432564338358056
153600,25,0,0,0.004394412974943407,17.327744793891906,4.464911043643951,0.020801124992436387,8e-05,0.0186176,0,0,0,273.5377818897567,0.27760417463141496,0.048043906688690186,14.192023319005965,0,0,0,0,0
159744,26,-171.01125328951665,581.0,0.0010162439171836012,44.40390934944153,4.432868528366089,0.0030565063563718397,8e-05,0.01856,0.9,0.0,0.0,293.76011797003713,0.05872395997721469,0.11856478452682495,35.13245503306389,0.5505054557398001,0.9150510110087036,0.0,0,0.08178260747343308
165888,27,0,0,0.0005792455975552002,35.439971399307254,4.513832199573517,0.0022534648007446634,8e-05,0.018502400000000002,0,0,0,309.96179293081104,0.043522136854880954,0.39407438039779663,42.247624224424364,0,0,0,0,0
172032,28,-66.99097460843045,714.4,0.0014301563747721956,51.085855102539064,4.4301725149154665,0.003990378204527741,8e-05,0.0184448,0.7,0.0,0.0,291.8301705794875,0.06958008022775175,-0.016208291053771973,37.494058698415756,0.5271969239178084,0.7461078754898284,0.0,0,0.09616482638798965
178176,29,0,0,0.0006721566194755723,44.92419843673706,4.561904305219651,0.0048178565208239,8e-05,0.0183872,0,0,0,274.94861346263434,0.09078776268288494,0.05226379632949829,36.92079071998596,0,0,0,0,0
184320,30,-55.03539696072439,764.6,0.00046796925598755477,128.4227723121643,4.4823926985263824,0.0021872747547629886,8e-05,0.0183296,0.5,0.0,0.0,277.47367539712957,0.04793294425471686,0.03578585386276245,79.35052878856659,0.5335602867331937,0.678093068535425,0.0,0,0.11052104618474787
190464,31,0,0,-0.00014363433001562953,65.02823047637939,4.500421571731567,0.0032708177430345563,8e-05,0.018272,0,0,0,288.88712038253385,0.05974935092963278,0.1623135209083557,47.114125514030455,0,0,0,0,0
196608,32,-38.07207173412768,702.9,0.000743535598667222,90.003040599823,4.5619937658309935,0.0022856548645025883,8e-05,0.018214400000000002,0.6,0.0,0.0,260.72730842199326,0.043424480385147034,0.2740277051925659,94.72850799560547,0.5591288406595469,0.7888962281645865,0.0,0,0.09626230459324012
202752,33,0,0,0.000490570583497174,78.6327977180481,4.5400992155075075,0.002162777768538419,8e-05,0.0181568,0,0,0,265.7194708584877,0.04112955842720112,0.30729228258132935,99.6207579612732,0,0,0,0,0
208896,34,-108.42546597438077,725.3,0.0024990010162101125,23.82820164456087,4.71008556730607,0.010416619952328152,8e-05,0.0180992,0.5,0.0,0.0,290.9300689218243,0.15230545860386507,0.07839614152908325,54.68751288862789,0.48566935151323165,0.7012060325458644,0.0,0,0.08062131849696261
215040,35,0,0,0.00405695473420478,50.601844060988654,4.849880014147077,0.009642057822066803,8e-05,0.0180416,0,0,0,286.4191346599645,0.14558532401098914,0.28653019666671753,74.29674173536755,0,0,0,0,0
221184,36,-157.34656842695398,904.8,0.0010889579149079508,20.02565038204193,4.8195499062538145,0.00459834742678384,8e-05,0.017984,0.3,0.0,0.0,289.4928947488948,0.07994791866076412,0.49787282943725586,89.52935186624526,0.4990079739386279,0.6673493617019999,0.0,0,0.1086249624037453
227328,37,0,0,0.001405369958956726,26.80325813293457,4.839714252948761,0.006037941582692464,8e-05,0.017926400000000002,0,0,0,292.13936071871046,0.11367187832656782,0.3734479546546936,91.88313333392144,0,0,0,0,0
233472,38,-25.704726822636662,840.5,-0.0001774616517650429,72.24549570083619,4.8158268392086026,0.000870406301239852,8e-05,0.0178688,0.3,0.0,0.0,316.7769480802808,0.01025390650902409,0.3952864408493042,156.54916350841523,0.5204810041036793,0.7986895956421031,0.0,0,0.11355239535515582
239616,39,0,0,0.0014756500342627988,29.91750569343567,4.81912916302681,0.004793979068350407,8e-05,0.0178112,0,0,0,282.7056944063329,0.07620442955376347,0.5210362672805786,131.61603587269784,0,0,0,0,0
245760,40,-105.87675326192952,760.0,-0.0003032414713743492,43.61467473506927,4.842952871322632,0.004317916735819771,8e-05,0.0177536,0.7,0.0,0.0,301.15150808170824,0.08364258044166491,0.5032141208648682,130.16841279268266,0.5013054023796494,1.2175042529161035,0.0,0,0.09240391312293403
251904,41,0,0,-0.00011945304577238857,63.485749292373654,4.864076268672943,0.0014794240918456028,8e-05,0.017696,0,0,0,246.0486996814404,0.031136068467458245,0.3961414694786072,160.8598121523857,0,0,0,0,0
258048,42,-60.58759887664102,837.0,-0.0005291184217639966,44.1361807346344,4.83038467168808,0.0024561612527599676,8e-05,0.017638400000000002,0.6,0.0,0.0,308.1948188313132,0.05066731886181515,0.40243351459503174,147.23117370605468,0.5409039259970321,0.9516640810183088,0.0,0,0.10913216415931612
264192,43,0,0,0.00041366935256519354,48.430769658088686,4.899958461523056,0.0016284072581600473,8e-05,0.0175808,0,0,0,311.4151672884987,0.028434245409152938,0.552630603313446,229.22646341323852,0,0,0,0,0
270336,44,-96.82911024365406,920.3,0.0005770124531409238,36.42861249446869,4.898310488462448,0.003649479031812272,8e-05,0.0175232,0.7,0.0,0.0,302.61060855421533,0.05831705874443287,0.6674097776412964,130.63767356872557,0.4989474945958599,1.2164957691984175,0.0,0,0.10487246162479272
276480,45,0,0,2.1701358491554856e-05,39.70023202896118,4.940705877542496,0.0031685792632770516,8e-05,0.0174656,0,0,0,265.97973163276754,0.07633463773672702,0.7160290479660034,232.54387898445128,0,0,0,0,0
282624,46,-95.5188234827502,414.2,0.0003366813430147886,51.74730920791626,4.703791034221649,0.002532722382968695,8e-05,0.017408,0.9,0.0,0.0,287.1680021046221,0.04747721525491215,0.4626310467720032,162.42739769220353,0.6805650054786387,0.6207301335680452,0.0,0,0.07015116626940922
288768,47,0,0,-0.0003636860172264278,45.372966814041135,4.694501870870591,0.003306599546296582,8e-05,0.017350400000000002,0,0,0,298.5884857725674,0.06944987188617233,0.6005189418792725,285.3848544120789,0,0,0,0,0
294912,48,-106.10994405991887,596.7,0.0019481138437640766,18.222445023059844,4.74754484295845,0.006033128339558507,8e-05,0.0172928,0.8,0.0,0.0,328.7998347950067,0.09142252835445105,0.7990092039108276,183.9677051484585,0.6360717106240653,0.8340275498407259,0.0,0,0.11046656951029803
301056,49,0,0,0.0005507664133801882,56.32703690528869,4.741367489099503,0.004408560321828688,8e-05,0.0172352,0,0,0,310.115816395309,0.08177083567134105,0.3307844400405884,175.10756072998046,0,0,0,0,0
307200,50,-56.60554676653446,509.9,0.00040828516088927595,18.483518453744743,4.86121035233522,0.003926363272724247,8e-05,0.0171776,0.8,0.0,0.0,270.72484061465786,0.05909455253575475,0.7079182267189026,141.26491538683572,0.7209639991102744,1.136191666195036,0.0,0,0.0903808176846613
313344,51,0,0,0.00561717740576049,38.08292372567313,4.784141901561192,0.014686187153818668,8e-05,0.01712,0,0,0,238.81623955009977,0.22295387364657862,0.65993732213974,184.25339574813842,0,0,0,0,0
319488,52,-90.04878744646054,662.5,0.0007889838450410025,33.89539799690247,4.659154731035232,0.0027891640189428996,8e-05,0.017062400000000002,0.9,0.0,0.0,268.70242865677227,0.049316407665901354,0.6411178112030029,161.3368721842766,0.6749924975478556,0.9899619044528937,0.0,0,0.1108835017998641
325632,53,0,0,-6.797080204705708e-05,75.45116086006165,4.776189565658569,0.0012617935153706164,8e-05,0.0170048,0,0,0,280.2030074394954,0.021679688047152014,0.5425469279289246,239.07749471664428,0,0,0,0,0
331776,54,-18.201875399909945,849.9,0.003317472702019586,65.35123586654663,4.747867238521576,0.009346659434545273,8e-05,0.016947200000000003,0.4,0.1,0.0,257.6533091455323,0.17109375367581378,0.6729040145874023,287.7627464294434,0.6865476770565622,1.0383143079569428,0.0,0,0.14724381336969264
337920,55,0,0,0.0008035820432269247,50.57706508636475,4.792125958204269,0.0038938379821074538,8e-05,0.0168896,0,0,0,303.3692177704658,0.07438151293172268,0.6694988012313843,354.39213153123853,0,0,0,0,0
344064,56,-91.04584082394791,721.9,0.00013338233802642207,55.095407247543335,4.759291189908981,0.0021576367577857062,8e-05,0.016832,0.7,0.1,0.0,271.5941067782522,0.040511068707564844,0.5485371351242065,186.5085969209671,0.7550536818456873,0.849278048603573,0.0,0,0.13118493185672597
350208,57,0,0,0.003996343558537774,34.589039254188535,4.919678610563278,0.008490487632164168,8e-05,0.016774400000000002,0,0,0,282.57101200667296,0.15211589025566355,0.7443921566009521,194.30911856889725,0,0,0,0,0
356352,58,-76.42705257371696,533.6,0.0006887382376589812,69.30923886299134,4.812030112743377,0.0023113821705948623,8e-05,0.0167168,0.8,0.0,0.0,310.8382334372621,0.04026692830375396,0.5410851836204529,285.98596782684325,0.704423913249699,0.9993561194857741,0.0,0,0.09404154225729891
362496,59,0,0,0.0003205614601029083,80.50587539672851,4.749139732122421,0.0007426737729140792,8e-05,0.0166592,0,0,0,295.3153447674759,0.011344401355017908,0.6569780111312866,280.1648945093155,0,0,0,0,0
368640,60,-84.22153696735054,673.4,0.0003986685253039468,48.562252616882326,4.713301700353623,0.004564946686880893,8e-05,0.0166016,0.7,0.0,0.0,269.2998439794197,0.07900390845024959,0.5161393880844116,204.01726820468903,0.7468477487341373,0.6784136946996571,0.0,0,0.12039718490388474
374784,61,0,0,-0.0008917406896216562,46.65689878463745,4.811834859848022,0.004506204225620039,8e-05,0.016544,0,0,0,291.18356212546905,0.09036458586342633,0.553368330001831,182.0212035059929,0,0,0,0,0
380928,62,-139.51877867187733,650.6,0.0007500868678107508,42.615568017959596,4.809552854299545,0.00416070132614823,8e-05,0.016486400000000002,0.9,0.0,0.0,282.8399371583484,0.08232422079890966,0.7208512425422668,169.0938565135002,0.644795189464766,1.2672073561899893,0.0,0,0.10402850561980563
387072,63,0,0,0.0023076124482031444,42.910513925552365,4.893707752227783,0.0083905641709887,8e-05,0.0164288,0,0,0,300.479048825104,0.14622396264458076,0.6443905830383301,292.06676549315455,0,0,0,0,0
393216,64,-87.0213227826433,741.0,0.0026623281606589443,39.05020923614502,4.926434952020645,0.005445973415774467,8e-05,0.016371200000000002,0.7,0.0,0.0,260.72510577582744,0.09160156555008143,0.6538953185081482,329.9175502419472,0.6293145322425231,1.176092577788515,0.0,0,0.12613981491769186
399360,65,0,0,-0.0002592904998437007,73.63735237121583,4.723955625295639,0.0017740566250746964,8e-05,0.0163136,0,0,0,326.5848805383458,0.03616536582121625,0.4770187735557556,419.53860449790955,0,0,0,0,0
405504,66,-53.59298154269642,648.3,0.004206132751200942,33.90242089616491,4.914462891030819,0.017108980900651605,8e-05,0.016256,0.7,0.0,0.0,330.5714705258655,0.20016068838378218,0.731448769569397,441.2757567953556,0.8262213464643944,0.7612976321033558,0.0,0,0.15857375248119265
411648,67,0,0,0.00036654258146882055,53.57955598831177,4.8620484411716465,0.002854339849150949,8e-05,0.0161984,0,0,0,297.0026428250138,0.05948893375025364,0.6965264678001404,305.80677357912066,0,0,0,0,0
417792,68,-91.34152193282367,667.1,2.1640373597620054e-05,45.92806515693665,4.7447602391242985,0.005247702397107449,8e-05,0.0161408,0.7,0.0,0.0,330.6270731594757,0.09698893513996154,0.5863880515098572,370.5566994667053,0.6859096743851416,0.7183794323537852,0.0,0,0.10373019450675944
423936,69,0,0,0.00180091951508075,22.710688336690268,4.800859870910645,0.005825364230806296,8e-05,0.016083200000000002,0,0,0,304.1239339604896,0.09769097473938018,0.7154906988143921,256.09127098083496,0,0,0,0,0
430080,70,-157.78791301632933,559.5,0.021385211630591323,32.17828287397112,5.362895284380231,0.06470866601117002,8e-05,0.0160256,0.9,0.0,0.0,293.3242575817727,0.660342276096344,0.7130653262138367,380.1773771558489,0.5078699124360602,0.5239819679515929,0.0,0,0.0707342715458208
436224,71,0,0,0.004434508067242859,37.67615406513214,5.1548626005649565,0.013434519306613591,8e-05,0.015968,0,0,0,333.9458455971678,0.21331380835035815,0.5338277816772461,335.62511311769487,0,0,0,0,0
442368,72,5.782309233392413,865.4,0.0014329584984807298,81.62195076942444,5.1006191909313205,0.0038083949497399157,8e-05,0.0159104,0.3,0.0,0.0,302.5503814911111,0.05973307465028484,0.45460301637649536,420.19579286575316,0.47910702114688136,0.6019350911715999,0.0,0,0.112177044829134
448512,73,0,0,0.0013853705255314707,77.11566424369812,5.228346961736679,0.0033653437555610484,8e-05,0.0158528,0,0,0,313.64879570177385,0.06243489740154473,0.6944893002510071,468.21959855556486,0,0,0,0,0
454656,74,-61.74591393825442,815.3,0.0006184297099025571,38.43790898323059,5.355330586433411,0.0030321896956631124,8e-05,0.015795200000000002,0.7,0.0,0.0,268.5429375134175,0.05358073038660223,0.7115013003349304,459.6026116132736,0.44919753855848504,0.722335603620949,0.0,0,0.10356449568102977
460800,75,0,0,-0.0007352006286964752,89.8229063987732,5.202620261907578,0.0015744387479595379,8e-05,0.0157376,0,0,0,300.2022586005981,0.022379557897511403,0.6088075041770935,858.490587425232,0,0,0,0,0
466944,76,-74.84491433272065,922.4,0.0056363369692137765,18.618571843419755,5.320301302841732,0.017611626570478576,8e-05,0.01568,0.4,0.0,0.0,294.36175717967444,0.21514602550347003,0.7774659395217896,444.0057701383318,0.44353549647277485,0.4769418047219756,0.0,0,0.10082434388905281
473088,77,0,0,-0.0014954053986002691,38.09133399857415,5.1049315267139015,0.006660270565692803,8e-05,0.015622400000000002,0,0,0,316.9348116210365,0.1046549504179792,0.7045565843582153,371.03197424941595,0,0,0,0,0
479232,78,-122.84125733354952,746.5,0.008954178278252263,75.47709139655618,5.3154089123595,0.014102120601574697,8e-05,0.0155648,0.6,0.0,0.0,286.35487915926547,0.1776194910715133,0.7289266586303711,329.95777851927517,0.3971836287858202,0.567971287999358,0.0,0,0.06692998356134895
485376,79,0,0,0.00044163325578229474,32.64015992047035,5.3784243113374055,0.005821204710394003,8e-05,0.015507200000000002,0,0,0,306.0803408931913,0.10338185168802738,0.7732604742050171,392.8720643422375,0,0,0,0,0
491520,80,-115.64897882177586,833.9,0.026116736198309808,31.903998279571532,5.184745621681214,0.09871347877197867,8e-05,0.0154496,0.3,0.0,0.0,319.1786784641223,0.5223958490416407,0.8102524280548096,205.62542572021485,0.3609224748564206,0.4392805511873572,0.0,0,0.06885138245172176
497664,81,0,0,0.0010875327105168253,25.465183281898497,5.790718591213226,0.006638496630333046,8e-05,0.015392000000000001,0,0,0,318.16937621992867,0.11868489996995776,0.22817760705947876,177.73208513259888,0,0,0,0,0
503808,82,-5.1978131564598185,978.1,0.0008936529018683359,25.120007753372192,5.737364262342453,0.0026100239349058805,8e-05,0.015334400000000002,0.2,0.0,0.0,306.83839733262647,0.053271485536242835,0.6529873609542847,270.93506610393524,0.34280207958408443,0.7153211206802105,0.0,0,0.07473533528289839
509952,83,0,0,0.023828201327887655,1.7429356295615435,5.669419273734093,0.10095667006317902,8e-05,0.0152768,0,0,0,264.88542293273133,0.3247884187148884,0.8598135709762573,98.7353218048811,0,0,0,0,0
516096,84,22.177617574206447,1000.0,0.006862926810820837,12.91440940484768,5.780595930611215,0.02500290055504324,8e-05,0.015219200000000002,0.0,0.0,0.0,285.22117682755203,0.3549288695439605,0.2909398078918457,89.09990717725056,0.34464834678310863,0.7267532509249758,0.0,0,0.07545001943589238
522240,85,0,0,0.0019337793075465016,45.05564692020416,5.895815795660019,0.005266104429760237,8e-05,0.0151616,0,0,0,301.2352032100578,0.0891927109187236,0.36584311723709106,204.96795403957367,0,0,0,0,0
528384,86,17.93148860120758,1000.0,0.0007389797618088778,1.0690596029162407,5.890185171365738,0.007765556935922157,8e-05,0.015104,0.0,0.0,0.0,278.9970189315047,0.12887370139360427,0.8750936985015869,78.2419875562191,0.3387637910222909,0.9541984783725226,0.0,0,0.06280045548868558
534528,87,0,0,0.024808056221900188,0.9687848379835486,6.048504948616028,0.10715341306787131,8e-05,0.015046400000000001,0,0,0,263.2696825008837,0.34773763874545693,0.794020414352417,44.243871584534645,0,0,0,0,0
540672,88,-22.400527057645007,170.0,0.17609933171082626,64.1753439469771,4.824447241696444,14.338388398289698,8e-05,0.0149888,0.0,1.0,0.0,304.3225716282122,0.8377130790190264,0.6662495732307434,520.7436773126775,1.278926737236994,1.0173967596277473,0.0,0,-0.00041463513400258263
546816,89,0,0,0.004143736946106997,37.051671554302345,4.015306168589099,0.013797576889973647,8e-05,0.0149312,0,0,0,302.75854582447613,0.14947019122813926,0.5257339477539062,141.42148859747525,0,0,0,0,0
552960,90,-15.278654260636447,242.1,0.005988880021322984,40.07347934246063,3.9802853941917418,0.012401679887264082,8e-05,0.0148736,0.1,0.9,0.0,306.83075441529485,0.23380534502211958,0.5730452537536621,112.71760694980621,1.4061478281745639,1.1520527019553224,0.0,0,0.0016349247142073086
559104,91,0,0,0.00941586016914716,22.04671755024031,4.043017181695676,0.016421408462399003,8e-05,0.014816000000000001,0,0,0,307.71705777838343,0.2114481257694755,0.560034453868866,99.62575125226788,0,0,0,0,0
565248,92,-1.4375840985137198,300.8,0.009761520471769355,25.748154855543568,4.3693163471837195,0.034566090796655444,8e-05,0.014758400000000001,0.0,1.0,0.0,302.1751036329545,0.36928764322111685,0.6198152303695679,66.08387313350555,0.8922895032081988,1.2130915441544834,0.0,0,-0.0003133374727940858
571392,93,0,0,0.013208912534858374,33.44271530824549,4.581345572191126,0.03423703453668424,8e-05,0.0147008,0,0,0,311.2874708170304,0.35485601414214163,0.6580069065093994,86.80782396653119,0,0,0,0,0
577536,94,-107.61959747814674,561.0,0.004367823801948217,51.05530625495358,4.935321282649386,0.009262081087177887,8e-05,0.0146432,0.2,0.6,0.0,300.16223532437186,0.1457201129540909,0.6353216171264648,151.42960332787555,0.6806566165235993,1.4349389971466537,0.0,0,0.007602579181771231
583680,95,0,0,0.003890874695935054,69.57863688468933,5.0260618925094604,0.007757539713932568,8e-05,0.0145856,0,0,0,299.3503974426616,0.12825521214836044,0.6778406500816345,259.7679710149765,0,0,0,0,0
589824,96,-90.9068389280422,403.5,0.0011223865527426823,54.68356328010559,5.003386241197586,0.004779728017640467,8e-05,0.014528000000000001,0.2,0.8,0.0,326.51779921374373,0.08819987227179808,0.7402442693710327,319.558055973053,0.6284806976155891,1.3439636619891804,0.0,0,0.005575039235672743
595968,97,0,0,0.0014811697528784862,44.577036714553834,5.021325528621674,0.006451267937520639,8e-05,0.014470400000000001,0,0,0,305.0618127888757,0.11092122660484165,0.7847678661346436,206.56986473798753,0,0,0,0,0
602112,98,-36.92564554661572,354.5,0.002440817636670545,52.69709396362305,5.160429137945175,0.006166713176210975,8e-05,0.0144128,0.0,0.9,0.0,325.85556484362684,0.11189778983825818,0.7490812540054321,222.80041942596435,0.7634362237819463,0.9382362922324589,0.0,0,0.0024120276516148985
608256,99,0,0,0.0009412864950718358,38.098689270019534,5.026721513271331,0.0027712892950173206,8e-05,0.014355200000000002,0,0,0,327.61831994571537,0.05278320461075055,0.7770398259162903,263.7817936897278,0,0,0,0,0
614400,100,-61.13366790143673,425.5,-9.349194185688247e-05,31.010947132110594,4.991817224025726,0.002811685548206699,8e-05,0.0142976,0.1,0.8,0.0,340.5554830755521,0.06290690288151382,0.8085622787475586,230.28659485578538,0.753289759556891,1.2347236273457183,0.0,0,0.0025334768671323765
620544,101,0,0,0.0020641705662343803,51.36473914368512,5.075630397012789,0.007012229497716356,8e-05,0.014240000000000001,0,0,0,295.54167318986885,0.09515910613038003,0.7578672170639038,301.2289494945578,0,0,0,0,0
626688,102,-47.929604427784525,442.4,-6.47676715743728e-06,51.294449424743654,4.834183639287948,0.0024340761267831515,8e-05,0.014182400000000001,0.1,0.7,0.0,317.47646173152464,0.05271810038393596,0.7963857054710388,297.0400020122528,0.8638604880590348,1.4442934356017798,0.0,0,0.007414096881114806
632832,103,0,0,0.0030682244774652644,35.03518161773682,4.887508076429367,0.008077895284079536,8e-05,0.0141248,0,0,0,325.8202898146133,0.15458984837168827,0.8120918273925781,287.70647534132,0,0,0,0,0
638976,104,0.6619712096996546,409.9,0.009521583806843486,44.42451444585273,4.937410882178773,0.02261986106478554,8e-05,0.014067200000000002,0.0,1.0,0.0,336.4051184983325,0.28507314522829935,0.802521288394928,185.70218638156322,0.7569082318234359,1.0618635054618217,0.0,0,-0.0002959167698670229
645120,105,0,0,0.0038890274590812624,47.122994089126585,4.925332230329514,0.010714431090494117,8e-05,0.0140096,0,0,0,303.951484019921,0.16043294870178215,0.7755854725837708,247.14613156318666,0,0,0,0,0
651264,106,-11.383914700675433,509.5,0.0022023224199074322,40.365109062194826,4.979568946361542,0.006285355746970587,8e-05,0.013952,0.0,0.7,0.0,322.13861386336646,0.12368164462968707,0.8281219601631165,213.51630091667175,0.6933302964816157,0.9842883054670637,0.0,0,0.005303836568468706
657408,107,0,0,0.002289585602664404,31.402936310064597,4.893180495402852,0.010115132348062234,8e-05,0.013894400000000001,0,0,0,344.5856230856849,0.1383837138314075,0.8022699356079102,255.82969824994197,0,0,0,0,0
663552,108,-106.54226628106002,537.0,0.0035888363636331633,46.53739013671875,5.226338982582092,0.008476301061276009,8e-05,0.013836800000000002,0.7,0.3,0.0,344.7636270934901,0.1583170615893323,0.8139537572860718,298.69845843315125,0.46755828937871835,1.4240710365413993,0.0,0,0.02249643127975101
669696,109,0,0,0.0030482789690939906,28.988609086221725,5.3436528106233965,0.0129880188301258,8e-05,0.013779200000000002,0,0,0,285.02184189772237,0.1899292661926584,0.8449826240539551,231.74625931924848,0,0,0,0,0
675840,110,-84.34683150758391,544.8,0.008077326754573733,34.41012398740079,5.372826424050839,0.02077667194448898,8e-05,0.0137216,0.4,0.6,0.0,268.3881134550703,0.2789782873562914,0.8328602910041809,157.3313099881436,0.5151127802264618,1.577582827290832,0.0,0,0.008600031769087501
681984,111,0,0,0.0024296658558365055,35.31102378551777,5.089514622321496,0.008235013196009281,8e-05,0.013664,0,0,0,321.2509211694101,0.13812099736876404,0.8187669515609741,238.632125830039,0,0,0,0,0
688128,112,-22.388891071324117,420.1,0.00783184034484087,43.103946613815594,5.467726383569105,0.01910998008350605,8e-05,0.013606400000000001,0.8,0.2,0.0,333.3405742131977,0.22046974097501557,0.8776804208755493,250.1359332282588,0.4834141959176449,0.919523587301929,0.0,0,0.023129524827370466
694272,113,0,0,0.001317108582588844,48.371563577651976,5.296207362413407,0.007455408570971285,8e-05,0.013548800000000001,0,0,0,274.1938029111219,0.14640299915918148,0.8736749291419983,308.1933737754822,0,0,0,0,0
700416,114,-124.67170103098711,576.5,0.0058643367912953916,61.34591014349638,5.385806830961313,0.010609170333184495,8e-05,0.013491200000000002,0.8,0.2,0.0,305.87644733658874,0.16952348231518669,0.8728064298629761,604.7369663323929,0.4703642085874806,1.4346688309976459,0.0,0,0.029435609518997652
706560,115,0,0,0.009879461669091446,61.64710500505235,5.415044652091132,0.021430563013084523,8e-05,0.0134336,0,0,0,308.24074788075995,0.26913339872327113,0.8792192339897156,325.6298121346368,0,0,0,0,0
712704,116,-130.76480152475474,632.3,0.0011803468329162569,78.79052333831787,5.175262010097503,0.0025533212564538667,8e-05,0.013376000000000002,1.0,0.0,0.0,317.9207044949457,0.04700520986370975,0.854565441608429,382.81222810745237,0.42503486815477354,1.3351679563278824,0.0,0,0.04088580067435904
718848,117,0,0,0.005745086612337282,58.696753219819406,5.356755276800881,0.009338701063111944,8e-05,0.013318400000000001,0,0,0,312.7140144611128,0.16408084343928633,0.8920258283615112,251.91277264877104,0,0,0,0,0
724992,118,-133.05957771936943,584.4,0.03776400675997138,35.95820713043213,6.056433379650116,0.08656492581941871,8e-05,0.0132608,1.0,0.0,0.0,285.2618711297711,0.6508789267390966,0.9159430265426636,225.3907231092453,0.4687339702090827,1.1011055986495384,0.0,0,0.03015386364331802
731136,119,0,0,0.019647710752906278,42.13112235069275,5.545027524232864,0.06708850921132994,8e-05,0.013203200000000002,0,0,0,273.25065629433067,0.5721028782427311,0.9048535823822021,209.73820960521698,0,0,0,0,0
737280,120,-168.4490932319323,731.1,0.00033057069649657935,54.98707885742188,5.78907533288002,0.004583789167739849,8e-05,0.0131456,1.0,0.0,0.0,337.42686313291324,0.09734700792323565,0.8506270051002502,519.2754882097245,0.3888764236067012,1.2606375452983682,0.0,0,0.056147968083715694
743424,121,0,0,0.00462226577545869,46.83257790767785,5.785710508173162,0.012020861020577164,8e-05,0.013088,0,0,0,315.3651665299238,0.19034091598234337,0.891654908657074,354.09527696262705,0,0,0,0,0
749568,122,-119.0213359655276,804.0,0.005520178195891074,49.96558814578586,5.521326435936822,0.024674464224926338,8e-05,0.013030400000000001,1.0,0.0,0.0,344.2868847288005,0.24211517093741955,0.9071282148361206,301.3755986955431,0.4234056961195525,1.3123774092927172,0.0,0,0.05657724332455105
755712,123,0,0,0.00971489188772726,50.258560861860005,5.663404243332999,0.023977308185363977,8e-05,0.0129728,0,0,0,276.95201907834564,0.24927921092187585,0.9026024341583252,562.9056807926723,0,0,0,0,0
761856,124,4.20025195283366,930.9,0.008935771162875673,1.1331630457531323,6.381870746612549,0.04782249964774668,8e-05,0.012915200000000002,0.2,0.0,0.0,278.8957218488258,0.5151515284722502,0.9143643379211426,50.6278112151406,0.3516826692876841,0.8442422455222449,0.0,0,0.06835841402753244
768000,125,0,0,0.016746485498375617,14.358510090754582,6.511404844430777,0.08686483321856242,8e-05,0.0128576,0,0,0,350.714207307998,0.6810897634579585,0.9149163961410522,146.79165091881384,0,0,0,0,0
774144,126,-10.126817069656903,945.9,0.0008791273558017565,11.564032897353172,6.388863168656826,0.009694904085340458,8e-05,0.0128,0.3,0.0,0.0,320.97402990185446,0.125610355682511,0.8446129560470581,148.76114283502102,0.33692239017635767,0.9154883740773314,0.0,0,0.06331634595130058
780288,127,0,0,0.019057912466814743,9.03421392440796,6.491011257171631,0.0533497505914506,8e-05,0.012742400000000001,0,0,0,302.0745998656209,0.4572395973652601,0.9072107076644897,100.61588775634766,0,0,0,0,0
786432,128,-39.47312237684294,950.0,0.011550257940633366,115.13068140470065,6.833821947758015,0.022481706952725444,8e-05,0.012684800000000001,0.3,0.0,0.0,297.2632673516901,0.263121001066443,-0.04931044578552246,69.00778007507324,0.30488349019795025,0.4772789704580682,0.0,0,0.07240806418774574
792576,129,0,0,0.009787387418327853,0.13563997245260648,7.471775486355736,0.03380885634328112,8e-05,0.012627200000000002,0,0,0,316.2100206135655,0.375434038184938,0.09110039472579956,4.453634707700639,0,0,0,0,0
798720,130,-175.80160033415967,736.2,0.007991784959206901,41.59897212187449,7.240433206160863,0.02406064717798025,8e-05,0.0125696,0.6,0.0,0.0,327.5635996963868,0.32137045396181446,0.00026744604110717773,8.380247548222542,0.3457339910491525,0.47979747257043553,0.0,0,0.06214121595416953
804864,131,0,0,8.629530302641796e-05,187.54338722229005,7.183590853214264,0.0006037691840027596,8e-05,0.012512000000000002,0,0,0,323.5831083208165,0.009472656510479283,0.028331637382507324,509.0202182769775,0,0,0,0,0
811008,132,-256.03970673263484,754.9,-3.0129554215818643e-05,34.955471420288085,7.314944505691528,0.001245051001455888,8e-05,0.012454400000000001,0.7,0.0,0.0,336.7136326222463,0.02255859436409082,0.23427003622055054,143.16983559131623,0.3352382691113738,0.5945864770818858,0.0,0,0.0651784211814653
817152,133,0,0,-0.0003427130781346932,81.27394394874572,7.260634475946427,0.0006027909046337099,8e-05,0.012396800000000003,0,0,0,284.60058544895594,0.00965169299597619,0.4588581323623657,498.93699231147764,0,0,0,0,0
823296,134,-108.23291156138721,826.6,3.582848876249045e-05,57.66482501029968,7.362726408243179,0.0006903392917277189,8e-05,0.012339200000000002,0.4,0.0,0.0,327.2178859547211,0.01298828162252903,0.7007817029953003,374.2928184509277,0.33774518010632787,0.5706432587730078,0.0,0,0.0675784409726902
829440,135,0,0,-0.0009340629826510849,45.76566796302795,7.345915824174881,0.0012435403544088564,8e-05,0.0122816,0,0,0,317.8754412436448,0.026220703934086487,0.776559591293335,512.9976922035218,0,0,0,0,0
835584,136,-113.20165450990714,922.0,3.153917500640091e-05,47.21600475311279,7.435477870702743,0.0003948117297144801,8e-05,0.012224000000000002,0.3,0.0,0.0,302.7436463587063,0.004817708463815506,0.7307971715927124,260.9299867153168,0.3316776378331704,0.5569897795961437,0.0,0,0.069953637691862
841728,137,0,0,-3.332739868255885e-06,34.8642276763916,7.480740636587143,0.00031968167924388834,8e-05,0.012166400000000003,0,0,0,304.8038550494171,0.0022949219375732353,0.8649752140045166,303.72858369350433,0,0,0,0,0
847872,138,-53.39189863157431,986.6,0.0001233657621924067,41.79916617870331,7.439484518766403,0.0015269220712842313,8e-05,0.012108800000000001,0.1,0.0,0.0,258.4279753291565,0.03076171949505806,0.8255149126052856,324.4880011796951,0.32943568130902595,0.5481254092937032,0.0,0,0.07720265211281
854016,139,0,0,0.004397730409566846,4.797331329375979,7.463907620263478,0.012559039480723892,8e-05,0.012051200000000001,0,0,0,347.2986238352335,0.13696676870394084,0.8862300515174866,253.91020859233916,0,0,0,0,0
860160,140,24.03677803313189,945.7,0.0006015964678226738,26.28878788948059,7.3568629145622255,0.0019595778644915574,8e-05,0.0119936,0.1,0.0,0.0,310.6349746183256,0.03520507887587883,0.7927101850509644,253.9722095489502,0.34230412517603304,0.6899217353543758,0.0,0,0.07512230203172324
866304,141,0,0,0.0005019441654440015,46.340447187423706,7.34340101480484,0.0019279765027960954,8e-05,0.011936,0,0,0,296.6649662427349,0.038541667886602224,0.7641561627388,141.23128012418746,0,0,0,0,0
872448,142,-7.872908371880428,999.4,-0.00014014469925314189,47.34017539024353,7.3485573589801785,0.0017545161906164434,8e-05,0.011878400000000002,0.2,0.0,0.0,319.1314082929225,0.03424479269597214,0.7970055937767029,476.49901684522627,0.3346517407718288,0.8619064173153215,0.0,0,0.0671603724545354
878592,143,0,0,0.0003635490927990759,2.8681220173835755,7.42621877193451,0.006457950419920366,8e-05,0.011820800000000001,0,0,0,339.0999016839656,0.09996745111275232,0.8822547197341919,98.1288492769003,0,0,0,0,0
884736,144,-56.04047623014861,775.5,-0.00033561049422132784,1.1921924240887165,7.4807854235172275,0.003622105718389694,8e-05,0.011763200000000001,0.6,0.0,0.0,294.3283015640613,0.0671223973899032,0.818009614944458,42.291016614437105,0.3365227710859718,1.1956329674113586,0.0,0,0.05369015558826988
890880,145,0,0,0.0005483238478932021,6.849245418201793,7.5299409457615445,0.004931763317983335,8e-05,0.011705600000000002,0,0,0,275.12973208726055,0.08226799505442235,0.7750972509384155,99.64943665962714,0,0,0,0,0
897024,146,-87.38078199738479,792.9,0.0003647461846412625,95.7500449180603,7.355472666025162,0.0034382682559257506,8e-05,0.011648000000000002,0.8,0.0,0.0,294.3259417022786,0.061263022373896095,0.013031303882598877,40.35507892370224,0.35735731671107585,1.240037418016999,0.0,0,0.054056498189381755
903168,147,0,0,0.00013251788914203644,55.04758367538452,7.29588006734848,0.0010921968208118082,8e-05,0.0115904,0,0,0,297.6667046848198,0.01850585985375801,0.30599039793014526,83.90724439620972,0,0,0,0,0
909312,148,-86.77277439656703,808.7,0.00027700392820406705,32.360009503364566,7.217112505435944,0.0014240261533515358,8e-05,0.011532800000000001,0.8,0.0,0.0,277.7017232110439,0.028173828731814864,0.755058228969574,442.4894978046417,0.3790697715656501,1.1170038728109415,0.0,0,0.06481740620569457
915456,149,0,0,0.001084013756189961,35.77146294116974,7.283121383190155,0.004462398820308721,8e-05,0.011475200000000001,0,0,0,304.5313580170582,0.08105468950234354,0.7966528534889221,514.3658910036087,0,0,0,0,0
921600,150,-103.76299975866475,725.4,0.0008302342415845487,48.76530990600586,7.170077204704285,0.002777214135127296,8e-05,0.0114176,0.9,0.0,0.0,312.16503284317315,0.04697265765571501,0.874415934085846,567.7386818647385,0.39274315917862307,1.1827368382360053,0.0,0,0.05420415087775947
927744,151,0,0,0.000937518621867639,58.81662006378174,7.222250169515609,0.0027078826772624705,8e-05,0.011360000000000002,0,0,0,285.4215526346271,0.047656251188891476,0.8791788816452026,581.3719493508339,0,0,0,0,0
933888,152,-123.35246890937633,836.6,6.727754371240735e-05,46.054661059379576,7.219370025396347,0.0015394426449388229,8e-05,0.0113024,0.8,0.0,0.0,301.57091529178285,0.029915365355554967,0.9004148244857788,291.3434764146805,0.3587507964045787,1.2112175526196078,0.0,0,0.05866986154503787
940032,153,0,0,-0.00018599119830469134,39.77173655033111,7.245966047048569,0.0017729978438668563,8e-05,0.011244800000000001,0,0,0,307.6889104120201,0.03592122491972986,0.9092458486557007,673.4079452753067,0,0,0,0,0
946176,154,-76.07234424000998,841.0,0.00015648690387024545,61.48481769561768,7.284196037054062,0.0008324419570019097,8e-05,0.011187200000000001,0.8,0.0,0.0,317.03917670757806,0.0153320317476755,0.8934911489486694,601.2584026813507,0.3662872512263905,1.2016939289897237,0.0,0,0.05789209019958922
952320,155,0,0,0.0008080757612981259,27.43850658364492,7.390496809188634,0.012356373464512186,8e-05,0.011129600000000002,0,0,0,323.5436073435843,0.19310074802232932,0.9087321162223816,232.6342492691458,0,0,0,0,0
958464,156,-23.856383851287024,918.9,0.002039086743574238,17.335982988465506,7.554150851267688,0.011924087872193973,8e-05,0.011072000000000002,0.6,0.0,0.0,334.1855598059245,0.14733196252227743,0.9176063537597656,154.54310546731048,0.36542469453240695,1.0800218909926604,0.0,0,0.07587127657075568
964608,157,0,0,0.005353155989586463,5.556349412450251,7.347173888728304,0.014132555561417114,8e-05,0.011014400000000002,0,0,0,297.2338903195133,0.17855739488073116,0.8331176042556763,176.70297511118764,0,0,0,0,0
970752,158,-48.367907383100615,919.3,0.038350618874224335,19.495912918677696,7.014647813943716,0.17191948361983064,8e-05,0.010956800000000001,0.3,0.0,0.0,307.9731445373072,0.61979168596176,0.667826771736145,257.2133887364314,0.3958152690860513,0.852974087006818,0.0,0,0.08465054152311649
976896,159,0,0,0.014814850603215746,1.9078405052423477,7.103045344352722,0.09789486015507386,8e-05,0.010899200000000001,0,0,0,305.34368282121227,0.35123698678216897,0.6277858018875122,23.15607100725174,0,0,0,0,0
983040,160,-122.78370265719225,935.9,0.035755856562620744,43.66793074974647,7.703140442187969,0.11394096452457794,8e-05,0.010841600000000002,0.4,0.0,0.0,317.4631485059568,0.6471354388273679,-0.03332316875457764,60.905963750985954,0.315684527642892,0.5432211541373142,0.0,0,0.0614125694653052
989184,161,0,0,0.03564271638886286,87.84566967303937,7.53845504614023,0.16512307739603233,8e-05,0.010784000000000002,0,0,0,289.6503204555042,0.5847355929704813,0.031567931175231934,303.8142955486591,0,0,0,0,0
995328,162,-44.211655973256434,943.5,0.0013098586146952584,13.108756411075593,7.699828052520752,0.010744226650061561,8e-05,0.010726400000000002,0.1,0.0,0.0,273.88112571632627,0.17166341581614689,0.17476773262023926,69.21855563521385,0.31625892088211466,0.49794144556923525,0.0,0,0.061559949760153124
1001472,163,0,0,0.00021691335750801956,22.51158610582352,7.655418080091477,0.00677935668864285,8e-05,0.0106688,0,0,0,322.1324487461433,0.11469726892682956,0.7171396017074585,177.8340569257736,0,0,0,0,0
1007616,164,-22.81027267374512,932.9,0.010932545738156748,0.32073349146931257,7.773726145426433,0.03505116886219448,8e-05,0.010611200000000001,0.1,0.0,0.0,282.00828565693627,0.3274980798208465,0.7534053921699524,22.992371762240374,0.3165274696767485,0.6871489066868167,0.0,0,0.07047140251558785
1013760,165,0,0,0.013280958605096921,0.1608435393948304,7.862237541299117,0.0331016321923943,8e-05,0.010553600000000002,0,0,0,333.211208094945,0.3701000658697204,0.6870243549346924,6.679602233987105,0,0,0,0,0
1019904,166,28.880436904342638,1000.0,0.012466882546112746,0.14809326783699148,8.127361232159185,0.025711367874613648,8e-05,0.010496000000000002,0.0,0.0,0.0,280.29152472245545,0.36317913497195525,0.8607769012451172,5.482193439614539,0.36720556146646127,0.5626942348789518,0.0,0,0.08108069249619558
1026048,167,0,0,-0.0007415204300953407,0.23119133680242382,7.979315104549879,0.01300771968528878,8e-05,0.010438400000000002,0,0,0,331.39607395926794,0.23029038896911766,0.6993274092674255,2.7412222125758863,0,0,0,0,0
1032192,168,-82.85339386629838,908.4,0.002299839148569305,21.3932314991951,8.233710646629333,0.00933011840971089,8e-05,0.0103808,0.4,0.0,0.0,299.59224773056565,0.17164714060490951,0.1849713921546936,113.46423207521438,0.3694462040256433,1.0681854907225001,0.0,0,0.07592553404477441
1038336,169,0,0,-5.964493684587069e-05,12.17877641916275,8.07394357919693,0.0007862182937648954,8e-05,0.010323200000000003,0,0,0,281.7597760179691,0.013964844211295712,0.564955472946167,100.87195328474044,0,0,0,0,0
1044480,170,31.964366875234248,1000.0,-0.00047151773287623655,25.60000697374344,8.083774268627167,0.0008430060043914334,8e-05,0.010265600000000003,0.0,0.0,0.0,285.5506890960149,0.012386068097839598,0.263089120388031,228.1805329322815,0.3875502459455803,0.7229004407834694,0.0,0,0.0936233881529874
1050624,171,0,0,-0.0004511939871008508,29.103427529335022,8.188610970973969,0.0008132032949589678,8e-05,0.010208,0,0,0,266.1198941315986,0.012288411807094234,0.6640244722366333,309.63132109642027,0,0,0,0,0
1056768,172,-37.526330813408094,851.1,6.930859672138467e-05,4.230277666449547,8.182080602645874,0.004807027314567184,8e-05,0.0101504,0.4,0.0,0.0,313.71500850080406,0.0930013049612171,0.7779150009155273,82.91109088361263,0.38711340213657885,1.0827042092259018,0.0,0,0.07944011647068495
1062912,173,0,0,-0.00040815948195813687,7.67334653288126,8.1058140873909,0.0018257449696682565,8e-05,0.0100928,0,0,0,289.3935119951155,0.03159179770591436,0.5815907120704651,99.38179831504821,0,0,0,0,0
1069056,174,-77.89352497192877,917.2,-0.0003487963833322283,32.100134062767026,8.144236946105957,0.0008483663043656813,8e-05,0.010035200000000001,0.4,0.0,0.0,273.0289432907998,0.01416015664144652,0.6700063943862915,139.20935485363006,0.3770795468060611,1.1896210614155838,0.0,0,0.06797244225272382
1075200,175,0,0,4.464091616682708e-05,36.29982190132141,8.297609448432922,0.0011131435043133335,8e-05,0.009977600000000001,0,0,0,318.1442880887723,0.01912434930272866,0.5460118055343628,98.73723176717758,0,0,0,0,0
1081344,176,-68.99327102334864,938.4,-0.0002818937024130719,17.538082230091096,8.184395170211792,0.002053428680304718,8e-05,0.009920000000000002,0.6,0.0,0.0,295.01225919784423,0.040022787544876336,0.6910101175308228,163.3823515176773,0.3721510519947643,1.1376262857504336,0.0,0,0.07414825732061825
1087488,177,0,0,1.5879320562817158e-05,36.41307146549225,8.280457615852356,0.0009904444358631286,8e-05,0.0098624,0,0,0,326.67277224459497,0.018440755717165302,0.8293735980987549,415.40938076972964,0,0,0,0,0
1093632,178,-53.727160111749036,976.9,-0.00026348619066993704,19.464370334148406,8.089698028564452,0.0028005041729020222,8e-05,0.0098048,0.5,0.0,0.0,309.12494824786717,0.05802409016905585,0.6951347589492798,298.4482836961746,0.38179320821825047,0.986696758401499,0.0,0,0.08321717528453697
1099776,179,0,0,-0.0004665677581215277,1.0731992982327938,8.258769607543945,0.0009018819771261696,8e-05,0.009747200000000003,0,0,0,273.8193083545744,0.016015625400177667,0.8537701964378357,95.86756823062896,0,0,0,0,0
1105920,180,-36.27484330258526,992.5,-0.0002893023680371698,22.867421996593475,8.097542560100555,0.0008063520270943297,8e-05,0.009689600000000001,0.5,0.0,0.0,341.6046353172411,0.01407877633755561,0.6245542764663696,280.7755812883377,0.3561870616968761,0.9503447533300159,0.0,0,0.0711158905217689
1112064,181,0,0,1.9893668650183827e-06,22.61054884195328,8.223788857460022,0.0009372939537378352,8e-05,0.009632000000000002,0,0,0,281.23424485280117,0.017008464103855658,0.7381739020347595,175.7895628929138,0,0,0,0,0
1118208,182,-54.33817828233125,952.2,0.0001202483598717663,13.5966166973114,8.272444689273835,0.003723398868809358,8e-05,0.009574400000000002,0.3,0.0,0.0,292.3381001066526,0.06360677251504968,0.7470259666442871,118.15337957143784,0.36633862032052356,0.9535447243068325,0.0,0,0.081582541967528
1124352,183,0,0,0.0003226846805773675,20.234199917316438,8.355557835102081,0.003865787218094967,8e-05,0.0095168,0,0,0,316.38297639385655,0.057161460162024016,0.7456943392753601,247.05475521087646,0,0,0,0,0
1130496,184,-21.147985435288803,981.2,-0.00045485439968615535,28.56794970035553,8.379058969020843,0.0020131747987800486,8e-05,0.009459200000000001,0.4,0.0,0.0,287.3171681242354,0.0348795583442552,0.7510434985160828,473.9298747897148,0.37161808352834214,0.9115308092230505,0.0,0,0.07533039674573609
1136640,185,0,0,0.004346026115561441,1.5137434985678075,8.168807466151351,0.008016100771374466,8e-05,0.009401600000000001,0,0,0,342.1934233774092,0.11299435229048575,0.6363329887390137,64.40152335166931,0,0,0,0,0
1142784,186,-104.1720101732744,881.5,6.165303275338375e-05,30.817354989051818,8.377831780910492,0.0007155497874047049,8e-05,0.009344,0.4,0.0,0.0,307.2624919578468,0.012223307661770377,0.3007282018661499,280.1720949411392,0.36122930914428153,0.9579406097192239,0.0,0,0.07023415378681504
1148928,187,0,0,0.0012387060383303292,1.0841642215445235,8.349220456303778,0.006582491935393367,8e-05,0.0092864,0,0,0,323.01710268875865,0.1136683597594399,0.8215147256851196,62.466987859558415,0,0,0,0,0
1155072,188,-45.8901962918979,839.4,0.005830893207243399,1.1269256535329317,8.274717924887675,0.014903574429735085,8e-05,0.009228800000000002,0.5,0.0,0.0,281.65873508754834,0.21324470694781394,0.8213424682617188,48.49131953088861,0.39175622354536654,0.9527565625292569,0.0,0,0.07133495275147382
1161216,189,0,0,0.05853595043747471,31.042717860295223,8.612647423377403,0.17724763157851117,8e-05,0.009171200000000001,0,0,0,299.4862183109616,0.7386819078372076,0.4836684465408325,321.9281539916992,0,0,0,0,0
1167360,190,-58.895423121787154,833.9,0.0008422587403401849,41.09749972820282,8.822279572486877,0.0030716782891484196,8e-05,0.009113600000000001,0.3,0.0,0.0,297.2580656030361,0.04508463645033771,0.6814497709274292,701.1067143440247,0.369481652650275,0.5298748930189969,0.0,0,0.061544166057128334
1173504,191,0,0,0.002712325683387462,1.050450073927641,8.826950216293335,0.007723004859627687,8e-05,0.009056000000000002,0,0,0,344.834858051604,0.12994792011013487,0.6966583728790283,30.502825605869294,0,0,0,0,0
1179648,192,24.70803316577061,1000.0,0.001115399908303516,0.4378456208854914,9.05739438533783,0.003915489653359146,8e-05,0.008998400000000002,0.0,0.0,0.0,275.0178007987679,0.06909179839421994,0.8702172040939331,34.793396306037906,0.33023481063771104,0.6856807550875337,0.0,0,0.06757894366912376
1185792,193,0,0,0.01120648295986221,0.6428927465489036,8.829691711225008,0.024966848600589203,8e-05,0.008940800000000002,0,0,0,310.5233136822916,0.298177091548783,0.7781857848167419,26.808532633279498,0,0,0,0,0
1191936,194,-60.75858535097275,813.4,0.005200092427971427,29.355580022258142,8.636919636880197,0.016664377015630283,8e-05,0.008883200000000003,0.4,0.0,0.0,301.7843598836225,0.1941154277451607,0.6072978377342224,165.4506782254865,0.37792196314870924,0.8568865279450316,0.0,0,0.06828083488107463
1198080,195,0,0,0.0011137668388983002,0.311284744925797,8.68995268344879,0.008718595039868493,8e-05,0.0088256,0,0,0,341.0299961920012,0.14799805161455878,0.8932104110717773,13.130316422879696,0,0,0,0,0
1204224,196,24.92601765147755,943.0,0.0024997310446841377,0.37807876808302743,8.614600590297155,0.013825433102989382,8e-05,0.008768,0.1,0.0,0.0,341.4941349625312,0.21045387408563068,0.8664370775222778,7.0878431728908,0.3951232977650385,0.9052588613770209,0.0,0,0.09352509171668143
1210368,197,0,0,0.00897571064818364,32.97612502024724,8.733854018724882,0.01882906392432219,8e-05,0.008710400000000002,0,0,0,295.6704665257695,0.28417969689382094,0.5649870038032532,242.49737486472497,0,0,0,0,0
1216512,198,-15.284860382113939,1000.0,-0.0010703791926061968,17.937956595420836,8.692055869102479,0.002471700473195182,8e-05,0.0086528,0.4,0.0,0.0,284.8774487680432,0.03546549578313716,0.7274734973907471,246.51605713367462,0.3741836237375896,0.9916041122181737,0.0,0,0.08152072979535963
1222656,199,0,0,0.0001346536402706988,44.39308466911316,8.91762716770172,0.0014681655417135805,8e-05,0.0085952,0,0,0,295.0716575125627,0.02942708432528889,0.5866787433624268,156.40818219184877,0,0,0,0,0
1228800,200,-60.05341063237792,958.3,-0.000295922280929517,37.239015674591066,9.080017077922822,0.0018325165872534854,8e-05,0.008537600000000001,0.4,0.0,0.0,298.1433852915481,0.03932291769597214,0.8121824264526367,397.7854980945587,0.3701956701689726,1.1115412136688014,0.0,0,0.07747841609810921
1234944,201,0,0,0.0003658133442513645,21.341115832328796,8.943234491348267,0.0016956893230422154,8e-05,0.008480000000000001,0,0,0,331.24756890133654,0.03829752707533771,0.8748077154159546,243.8587368130684,0,0,0,0,0
1241088,202,-39.11166815237366,890.9,-0.00034077945492754224,29.81104733943939,8.991168606281281,0.0028582192075226904,8e-05,0.008422400000000002,0.4,0.0,0.0,292.4905689630707,0.05170898591604782,0.6192182302474976,378.1431446552277,0.4110252368715708,0.9047026641993661,0.0,0,0.07866044952093489
1247232,203,0,0,-0.0001578445486302371,27.66947853565216,8.895548462867737,0.0011540996384312979,8e-05,0.008364800000000002,0,0,0,316.25376287163846,0.01928710999782197,0.7985147833824158,297.6094171524048,0,0,0,0,0
1253376,204,-71.01784495915555,915.2,-0.00010977433321386343,53.783980417251584,8.914303970336913,0.0016937657074825863,8e-05,0.008307200000000002,0.3,0.0,0.0,291.6315566080174,0.0329915374139091,0.8287395238876343,597.551325416565,0.39553998142984115,1.0182973264596946,0.0,0,0.07402679984379382
1259520,205,0,0,0.0006145630206447095,2.3239825785160066,8.955778241157532,0.0020193728456369725,8e-05,0.008249600000000001,0,0,0,295.23263008736694,0.031022136184037662,0.8424487709999084,105.50478558540344,0,0,0,0,0
1265664,206,-75.61917856247153,981.6,3.65043166311807e-05,23.464093542099,8.927234590053558,0.0019677693185974196,8e-05,0.008192000000000003,0.3,0.0,0.0,315.00681879440094,0.035351563717995305,0.8560569286346436,276.1449094772339,0.3896850176060274,1.1236476461419866,0.0,0,0.08006700641183906
1271808,207,0,0,-0.00016461630389130733,7.894986343383789,8.837889003753663,0.0014076881387188691,8e-05,0.008134400000000003,0,0,0,319.7205942808684,0.025992839281389023,0.815476655960083,165.64036719799043,0,0,0,0,0
1277952,208,-30.486487643385694,994.0,0.0007562748869531788,11.769944059848786,9.191541457176209,0.004436726797538371,8e-05,0.0080768,0.3,0.0,0.0,272.3852549984581,0.07581380422052461,0.7793799638748169,163.7345654785633,0.3673771971111551,1.0281413102906787,0.0,0,0.0709224533299389
1284096,209,0,0,0.00011586044274736196,31.858507466316222,9.147610604763031,0.0007103754578180208,8e-05,0.0080192,0,0,0,284.75424103068696,0.011669922227156349,0.7849869132041931,546.2923095703125,0,0,0,0,0
1290240,210,-26.988649467501666,975.9,0.00033706938738760074,17.136360788345335,9.182926249504089,0.0025688930102477935,8e-05,0.007961600000000001,0.4,0.0,0.0,315.61452828459244,0.0448730481279199,0.8967921733856201,372.7551561355591,0.3720654141960782,1.1362892900383728,0.0,0,0.06905097448047051
1296384,211,0,0,8.156060102919583e-05,27.316645312309266,9.125896310806274,0.0013128082009472872,8e-05,0.007904000000000001,0,0,0,278.9554108300819,0.019205729589157273,0.8365651369094849,407.8136032819748,0,0,0,0,0
1302528,212,-34.356900269397684,904.5,0.00012620115685422207,4.9161793202161785,9.132124543190002,0.005063997681565406,8e-05,0.007846400000000002,0.4,0.0,0.0,283.7385519485973,0.0923665387002984,0.9099381566047668,178.19172300100325,0.3926434036809084,0.9331883676260052,0.0,0,0.08757374360223444
1308672,213,0,0,0.00010412340707262046,62.43955216407776,9.026040196418762,0.00048772746156302193,8e-05,0.007788800000000002,0,0,0,306.23480238507034,0.006738281405705493,0.7433415651321411,455.60806570053103,0,0,0,0,0
1314816,214,-70.11669847811993,985.2,0.0014279451566486785,5.228076503701406,9.071777409070158,0.0063804348774520675,8e-05,0.007731200000000001,0.6,0.0,0.0,282.9669184996253,0.1002425827765327,0.8916944265365601,142.31269251157158,0.39509056148746874,1.2397888164347546,0.0,0,0.08320270375897618
1320960,215,0,0,0.00200846955203815,53.77805895805359,9.004447746276856,0.006302216003501812,8e-05,0.007673600000000003,0,0,0,313.74426925049113,0.11284179963258793,0.872085452079773,534.3563806295394,0,0,0,0,0
1327104,216,-96.99057075000607,894.9,0.0003294041016488336,19.518454670906067,8.840239429473877,0.0013161055566848767,8e-05,0.007616000000000003,0.6,0.0,0.0,344.1924741108056,0.024739583996415605,0.9016319513320923,406.9391269922256,0.39548889587975694,1.2525725482189816,0.0,0,0.07555480706419096
1333248,217,0,0,0.0032100821123094646,33.35193746089935,8.93551276922226,0.009453767215567791,8e-05,0.007558400000000002,0,0,0,340.4104339643907,0.16209310417762027,0.928347110748291,453.4814021945,0,0,0,0,0
1339392,218,-32.75291845543968,912.9,-8.879318775143475e-05,48.71880917549133,8.949355840682983,0.0015821851153357733,8e-05,0.007500800000000002,0.4,0.0,0.0,328.99612758268233,0.030517578934086485,0.8259873986244202,782.1712510108948,0.41854059745958294,0.9941038845454809,0.0,0,0.0850390742010255
1345536,219,0,0,-0.000684969929716317,35.06407179832458,8.92884566783905,0.0014598325644733106,8e-05,0.007443200000000002,0,0,0,312.60245057441045,0.02376302166521782,0.9021438956260681,646.1859601974487,0,0,0,0,0
1351680,220,-52.12134900600997,782.1,0.00044788173836423083,39.42135541439056,8.955736768245696,0.0026109164562344023,8e-05,0.007385600000000001,0.6,0.0,0.0,293.3825939324124,0.04078776159149129,0.9177740812301636,540.9375369071961,0.45562372600699075,1.0971769046445075,0.0,0,0.07023123635787068
1357824,221,0,0,0.00011914149326912593,44.15804209709167,8.776525580883026,0.002192130014558772,8e-05,0.007328000000000001,0,0,0,300.0885352462258,0.035791016605799086,0.7980943322181702,321.0629291772842,0,0,0,0,0
1363968,222,-44.55411781089643,887.9,0.002472205760750512,22.6824422955513,8.684118664264679,0.00789906357418159,8e-05,0.0072704000000000015,0.5,0.0,0.0,302.32873355687843,0.12107747776608449,0.9123013019561768,286.4218983888626,0.428160950452258,0.9974458725216866,0.0,0,0.08025060388258762
1370112,223,0,0,0.0014290761238953565,59.66411209106445,8.7834321975708,0.004099291125389248,8e-05,0.0072128,0,0,0,281.49339814306666,0.06235351694340352,0.9000767469406128,880.5586430549622,0,0,0,0,0
1376256,224,-18.928798073399868,933.1,-0.00020767831592820584,29.22735688686371,8.596701109409333,0.001424684519501973,8e-05,0.007155200000000002,0.4,0.0,0.0,302.54640319953535,0.024495443287014494,0.9094100594520569,642.6893239498138,0.4499687747796002,0.9773560260099959,0.0,0,0.11933349093802412
1382400,225,0,0,-0.0005293881193210836,24.150070202350616,8.56378743648529,0.002253090323669556,8e-05,0.0070976000000000025,0,0,0,313.1578022809387,0.037255860438745,0.8408143520355225,312.3944301843643,0,0,0,0,0
1388544,226,-40.39565966068563,774.4,9.136157586908666e-06,23.159323132038118,8.738167297840118,0.003245144547694323,8e-05,0.007040000000000001,0.8,0.0,0.0,294.6586518293262,0.05465494969976135,0.9104153513908386,317.32671452760695,0.44111474646389637,1.1509256830981038,0.0,0,0.07274022120494991
1394688,227,0,0,0.0021294139414749225,30.53484457731247,8.692313998937607,0.009369983594074385,8e-05,0.0069824000000000015,0,0,0,298.358508322066,0.1386718788089638,0.9253777265548706,360.466719776392,0,0,0,0,0
1400832,228,-80.61402398474998,752.9,0.001604934701754246,51.11925354003906,8.562600314617157,0.005648468484381704,8e-05,0.006924800000000002,0.7,0.0,0.0,340.66799323290996,0.10538737281749491,0.8985487818717957,572.294207072258,0.47379610461918265,1.1726905840723414,0.0,0,0.0677714815801257
1406976,229,0,0,6.972889677854255e-05,28.007912707328796,8.639629244804382,0.007685809430773722,8e-05,0.006867200000000002,0,0,0,288.2183652910508,0.11219075837143463,0.9029687643051147,523.420294713974,0,0,0,0,0
1413120,230,-115.77746111821673,784.9,0.00020588189036061522,55.73838973045349,8.442131567001343,0.0014612425830857017,8e-05,0.0068096000000000025,0.8,0.0,0.0,304.2539701490225,0.029589844470319804,0.8829237818717957,657.8676698207855,0.4659618304220986,1.2632609423846515,0.0,0,0.07471748948932118
1419264,231,0,0,0.002200762718985061,36.912879490852355,8.546004521846772,0.008415612928028442,8e-05,0.006752000000000003,0,0,0,285.2286176910164,0.15691732301056618,0.9080989360809326,500.5919092297554,0,0,0,0,0
1425408,232,-118.36345657666463,823.0,0.00160826011269819,55.19164018630981,8.37952196598053,0.00355619453931042,8e-05,0.0066944,0.7,0.0,0.0,305.97768440380685,0.062076824840914924,0.9252044558525085,524.7176020145416,0.4399625059616077,1.3731078578309508,0.0,0,0.07583546930871014
1431552,233,0,0,0.002085458215151448,22.955924332141876,8.417162919044495,0.009500500091819344,8e-05,0.0066368,0,0,0,316.78755569347726,0.1791829476656858,0.9122906923294067,234.90683419704436,0,0,0,0,0
1437696,234,-32.76581875977959,909.2,0.0012778366261045448,33.09433536529541,8.48483716249466,0.00516234958868644,8e-05,0.006579200000000002,0.3,0.0,0.0,340.89325475452483,0.08295898725045844,0.9060930013656616,681.8334991455079,0.49385182045277654,0.8935485287139786,0.0,0,0.1063334936255925
1443840,235,0,0,0.0001447619331884198,52.08662352561951,8.265363240242005,0.0011117086231867061,8e-05,0.006521600000000001,0,0,0,295.89641906802734,0.02021484420838533,0.8514556884765625,880.5315126895905,0,0,0,0,0
1449984,236,-22.61205014275653,794.5,0.0005282244041154627,51.677690076828,8.448382318019867,0.004647554723742679,8e-05,0.006464000000000001,0.4,0.0,0.0,295.7401251482585,0.0748860697465716,0.8732556104660034,626.2826041936875,0.49565467812906705,1.044169949466847,0.0,0,0.08958349867394691
1456128,237,0,0,0.0007555551987024955,21.5847074508667,8.442173159122467,0.004550623907565639,8e-05,0.006406400000000001,0,0,0,277.8809328394844,0.08234049673483242,0.922119140625,411.9455895423889,0,0,0,0,0
1462272,238,-7.9706559191172435,942.2,0.0011156291540828534,20.937509572505952,8.446983873844147,0.00567986963870208,8e-05,0.006348800000000002,0.2,0.0,0.0,281.4432069331359,0.10227864822372794,0.8461244702339172,333.5513886451721,0.4692051795815423,0.7002260445705346,0.0,0,0.10819350746321454
1468416,239,0,0,0.00029934298363514243,13.758275938034057,8.502509474754333,0.004580253478166648,8e-05,0.006291200000000002,0,0,0,281.8847037497186,0.07075195553188678,0.8861602544784546,256.6530661821365,0,0,0,0,0
1474560,240,-24.34353284071211,832.0,0.0023947823104367313,32.002628568619016,8.248580569312686,0.01206987865133592,8e-05,0.006233600000000002,0.3,0.0,0.0,306.16201518632187,0.17065559265329427,0.809836745262146,347.43677323962015,0.5049682311061816,0.9848816144643331,0.0,0,0.09832004677457365
1480704,241,0,0,0.0005968960530481126,24.946124887466432,8.33699164390564,0.0036695679853475404,8e-05,0.006176000000000001,0,0,0,305.5447652811428,0.06222330928430893,0.8130086660385132,250.35784621238707,0,0,0,0,0
1486848,242,-73.9933485546015,899.2,0.001857133001345685,11.98154067993164,8.307985091695981,0.016113488900490646,8e-05,0.006118400000000001,0.6,0.0,0.0,304.816956922554,0.19565795863769492,0.8465484976768494,166.55932259073063,0.44678961155873187,1.266699946021296,0.0,0,0.08210675095057973
1492992,243,0,0,0.0017978500749450178,27.965461921691894,8.20523535013199,0.005844118726966715,8e-05,0.006060800000000003,0,0,0,317.364980351362,0.10343424807942939,0.8580514192581177,419.69247982501986,0,0,0,0,0
1499136,244,-36.21631655473392,731.3,0.0007673750151298009,34.003000140190125,8.300544023513794,0.006085421048923438,8e-05,0.0060032,0.4,0.0,0.0,273.0736199687193,0.09518229457462439,0.8546690940856934,641.8865941524506,0.573946350492843,0.7745494574463268,0.0,0,0.10384571109197213
1505280,245,0,0,0.0013361399513087235,21.765652215480806,8.195400035381317,0.005961933507755139,8e-05,0.0059456000000000005,0,0,0,311.6060871485307,0.09737956038297853,0.827663004398346,289.77859486341475,0,0,0,0,0
1511424,246,-68.19004579173891,752.9,0.0002431258930300828,38.91946775913239,8.257301938533782,0.002421190968383909,8e-05,0.005888000000000001,0.6,0.0,0.0,317.51675629508867,0.04388020977785345,0.8761327266693115,669.6135617256165,0.47387119342481504,1.098163457503176,0.0,0,0.0827377343068644
1517568,247,0,0,0.008594229177106172,6.318150416664455,8.323682328929072,0.026840773628114923,8e-05,0.005830400000000001,0,0,0,311.65340800494585,0.29158175424875127,0.785224199295044,151.2234614206397,0,0,0,0,0
1523712,248,-73.98164107621447,874.7,0.011823682846235377,10.40433269228254,8.712676102774484,0.029881079124931566,8e-05,0.0057728000000000015,0.4,0.0,0.0,321.2398603736583,0.3593006038240024,0.838162899017334,232.36412113734653,0.4152527724384612,0.9667944429804338,0.0,0,0.08683987720122527
1529856,249,0,0,0.0005334782303179963,10.047272950410843,8.700210011005401,0.003347176990614746,8e-05,0.005715200000000002,0,0,0,333.7893832018728,0.05408528819534695,0.7609823942184448,214.895143532753,0,0,0,0,0
1536000,250,-46.63966564568504,723.3,-0.0004885728341630763,11.724587133195666,8.617971314324272,0.0706217382464644,8e-05,0.0056576000000000005,0.7,0.0,0.0,367.5888701858222,0.12456597507827812,0.7986676096916199,249.9285517056783,0.5145807032330347,1.1178556233446877,0.0,0,0.08459319345980937
1542144,251,0,0,0.0022669194077025168,28.732151770591734,8.274773359298706,0.006866542917853616,8e-05,0.005600000000000001,0,0,0,285.08018321204116,0.119287112809252,0.8265476226806641,527.8715432405472,0,0,0,0,0
1548288,252,-135.22748886615017,860.0,0.012325243051496468,48.928572927202495,8.270665560449872,0.04049717042862127,8e-05,0.005542400000000003,0.7,0.0,0.0,296.5751589264238,0.4870256852757718,0.852308988571167,1323.9415964399066,0.5258147905805515,1.3176024529640276,0.0,0,0.1041598176575528
1554432,253,0,0,0.008280893284245394,31.45189437866211,8.159436236487494,0.05036835437835271,8e-05,0.0054848000000000015,0,0,0,308.56485543824016,0.2663773232450088,0.9095278978347778,622.2197889116076,0,0,0,0,0
1560576,254,-34.28209133849204,511.0,6.430078065022826e-05,60.23476276397705,7.600121331214905,0.0037926496886972693,8e-05,0.005427200000000002,0.7,0.1,0.0,303.0487890039374,0.06855468950234353,0.8990782499313354,778.1216348648071,0.7790322227988182,1.2751371940132838,0.0,0,0.09417116611784218
1566720,255,0,0,0.0002156103277229704,67.00861730575562,7.462944352626801,0.0023157001309327702,8e-05,0.005369600000000002,0,0,0,317.13302591254984,0.04741211068176199,0.8677221536636353,950.9696839094162,0,0,0,0,0
1572864,256,-82.19060050257679,484.8,0.0008847223070915788,20.862022697925568,7.259712952375412,0.005179782256713213,8e-05,0.0053120000000000025,0.8,0.0,0.0,272.82179386110084,0.08569336137734354,0.857680082321167,305.1582113981247,0.7979534596893095,1.2472781094116043,0.0,0,0.09030985607134617
1579008,257,0,0,8.393371244892478e-05,50.056866312026976,7.387531107664108,0.0014964270576491375,8e-05,0.005254400000000001,0,0,0,288.0954914702235,0.027278646639024372,0.8798705339431763,658.7533032417298,0,0,0,0,0
1585152,258,-86.44357372126494,783.5,-0.0003206865142353556,62.05494050855761,7.312674392353404,0.005914370275938571,8e-05,0.005196800000000001,0.5,0.0,0.0,302.8372965502809,0.09887378543687912,0.8709391355514526,733.119675326657,0.642658115040134,1.2178431451946443,0.0,0,0.12118410161888438
1591296,259,0,0,0.0046992009702080395,41.49223165512085,7.73309907913208,0.012015172831164735,8e-05,0.005139200000000002,0,0,0,290.6730002656345,0.20771485045261215,0.8752230405807495,749.1587361097336,0,0,0,0,0
1597440,260,-35.196619920522075,802.2,0.0008682473036969896,31.734823870658875,7.718895757198334,0.003925817266829763,8e-05,0.0050816,0.4,0.0,0.0,274.433643516353,0.06616211134096375,0.8989635109901428,628.5411421537399,0.7013297699201418,0.9791618889151422,0.0,0,0.13699627530843664
1603584,261,0,0,0.00179747165821027,23.688116109371187,7.433902257680893,0.007745207869519806,8e-05,0.005024000000000002,0,0,0,271.14308234709677,0.12447916920937133,0.8676607608795166,332.85604629516604,0,0,0,0,0
1609728,262,-32.73116482482082,868.8,0.008225423122684542,6.82421640249399,7.637042473524045,0.020650724916223072,8e-05,0.005,0.3,0.0,0.0,283.84762824335144,0.298010156609309,0.9216320514678955,118.63262284107698,0.653655238376964,1.0667141903218313,0.0,0,0.13484691245883856
1615872,263,0,0,0.03250659555895254,2.884525012969971,7.279916744232178,0.10445315575228165,8e-05,0.005,0,0,0,358.88943271891605,0.5067187654972076,0.9180961847305298,147.19335666656494,0,0,0,0,0
1622016,264,-222.2503988862623,802.3,0.11817015563561158,21.592652580954812,8.812092694369229,1.5154845579104197,8e-05,0.005,0.9,0.0,0.0,268.62143437120295,0.8682528571649031,0.6926274299621582,256.8535499572754,0.33599794949236167,0.45673778803871523,0.0,0,0.06471627504463161
1628160,265,0,0,0.08338559651747346,188.13343920026506,9.805906227656774,0.1138709787545776,8e-05,0.005,0,0,0,299.20454149741994,0.6981026902794838,0.6229853630065918,4755.897786821638,0,0,0,0,0
1634304,266,-207.35999131701004,792.4,-0.0001526165273389779,99.81728458404541,10.113949179649353,0.000532784281388595,8e-05,0.005,0.7,0.0,0.0,284.5042626835384,0.007796224165940657,0.7346575260162354,1407.08076505661,0.3070910647060526,0.457795471285224,0.0,0,0.05650644514802807
1640448,267,0,0,0.0009865752600717315,79.19192085266113,10.136370134353637,0.003057113059191045,8e-05,0.005,0,0,0,314.0213383571931,0.046858725653146395,0.8686164617538452,918.2861525297164,0,0,0,0,0
1646592,268,-157.622892709239,821.0,0.00039550576111651025,72.13017234802246,10.113140332698823,0.0028041219209431183,8e-05,0.005,0.5,0.0,0.0,312.78302589695676,0.05514323042880278,0.8699069023132324,845.07240087986,0.29030742963838646,0.4818336445772003,0.0,0,0.05341578099231242
1652736,269,0,0,0.00015818998726899736,88.0828462600708,10.303751945495605,0.0007986045607667396,8e-05,0.005,0,0,0,273.9441067274807,0.013899740015040152,0.8710440993309021,831.9224924564362,0,0,0,0,0
1658880,270,-243.8366284181884,931.0,6.784750567021547e-05,44.37766809463501,10.309080040454864,0.0010524111136714994,8e-05,0.005,0.6,0.0,0.0,289.6269272868811,0.01752929739159299,0.8933318853378296,990.2000697612763,0.29467990123936355,0.458640105797904,0.0,0,0.058282103208638816
1665024,271,0,0,0.00019182329433533595,154.6456298828125,10.166648173332215,0.0009556290693467567,8e-05,0.005,0,0,0,291.6605661307115,0.016259766108123585,0.8441532254219055,1112.0204641342164,0,0,0,0,0
1671168,272,-113.32684946777431,853.3,0.0005789289833046495,94.34690399169922,10.223839521408081,0.0018303621033347816,8e-05,0.005,0.4,0.0,0.0,174.52035776173722,0.03219401142559945,0.8748143315315247,659.4179982662201,0.29261462171372593,0.46948320521788245,0.0,0,0.06166373011953964
1677312,273,0,0,0.0002035901437920984,83.30705451965332,10.130434656143189,0.0011582255485400594,8e-05,0.005,0,0,0,300.18746979537156,0.018766276651876978,0.8716415166854858,1163.8307222366334,0,0,0,0,0
1683456,274,27.456777695499085,1000.0,0.00027691211871569974,52.8047176361084,10.138103020191192,0.001369411917666034,8e-05,0.005,0.0,0.0,0.0,301.2525394601747,0.02120768268359825,0.8811110258102417,706.7159071207046,0.2966532345870379,0.4576971254030863,0.0,0,0.062295519018904955
1689600,275,0,0,0.00127231449005194,57.96780891418457,10.151733040809631,0.00247106029127826,8e-05,0.005,0,0,0,299.51663755529523,0.04205729272653116,0.8388547897338867,1217.2708946228026,0,0,0,0,0
1695744,276,-150.64194698103375,867.1,-7.395660704787588e-05,118.72055959701538,10.101603949069977,0.000837413751788052,8e-05,0.005,0.6,0.0,0.0,299.31274594182486,0.015169271144259255,0.9036152362823486,1239.1608625411986,0.30305179394171416,0.45623411829902344,0.0,0,0.06409046868652285
1701888,277,0,0,0.001216522781032836,20.238178396224974,10.242386019229889,0.00747255365773182,8e-05,0.005,0,0,0,308.75932771188184,0.11123047186410986,0.9189305305480957,331.2157647848129,0,0,0,0,0
1708032,278,-135.74575176684885,886.1,0.002258525966499292,49.16261341571808,10.310424947738648,0.008240007512363541,8e-05,0.005,0.4,0.0,0.0,285.3820231921116,0.13597005658957642,0.9266800284385681,545.9434042692185,0.2967502182560778,0.5202204522628988,0.0,0,0.06381387489980692
1714176,279,0,0,0.00019497364191920497,20.815189123153687,10.319306433200836,0.0027356028753331135,8e-05,0.005,0,0,0,294.70378248723677,0.052766928577329966,0.9225735068321228,345.73465411663057,0,0,0,0,0
1720320,280,-167.05792390714677,968.2,0.0005974324340058956,50.26200919151306,10.23462998867035,0.0029884483151990586,8e-05,0.005,0.4,0.0,0.0,323.8743918825525,0.05074869947857223,0.93095463514328,379.1747955083847,0.2805263489680764,0.5640710633924202,0.0,0,0.05903352216373074
1726464,281,0,0,0.0004082822424607002,111.0110520362854,10.25885705947876,0.0016204211681785986,8e-05,0.005,0,0,0,322.1590719847863,0.02898763095436152,0.9137604236602783,1985.8935015678405,0,0,0,0,0
1732608,282,13.005209796690409,1000.0,0.0034790810631503436,4.576742345636541,10.28791787407615,0.013136259460495125,8e-05,0.005,0.1,0.0,0.0,337.17782362605334,0.10073390375879226,0.875724196434021,465.26964225913537,0.3099167976275948,0.571645179501909,0.0,0,0.06531473305632143
1738752,283,0,0,0.08540717242673661,49.26829560597738,8.962251663208008,4.076249759023421,8e-05,0.005,0,0,0,300.58176107774113,0.8120659838120142,0.9024919867515564,881.9834105173746,0,0,0,0,0
1744896,284,-211.54465862181792,908.6,0.013319945131245601,0.5597316120352064,8.63262105669294,0.037944508004678336,8e-05,0.005,0.9,0.0,0.0,341.0323565547037,0.32168899572321347,0.7140738368034363,31.100344242368426,0.3599599581905938,1.5184786389295994,0.0,0,0.06051600871925724
1751040,285,0,0,0.005599336437265968,13.478148271452707,8.473180734886313,0.015655837927837594,8e-05,0.005,0,0,0,277.178920689117,0.18356918915227619,0.14507901668548584,11.207020948517997,0,0,0,0,0
1757184,286,-92.45234525072753,988.5,0.007888755376122637,0.20769661800427872,8.61957066709345,0.01679770979470292,8e-05,0.005,0.4,0.0,0.0,311.6854822074191,0.21419271716678684,0.8928490877151489,15.868750165809285,0.34801089987030365,1.207921889699418,0.0,0,0.07030995722197408
1763328,287,0,0,0.0045727526908740405,0.28860098381837207,8.541391156514486,0.01370908193601178,8e-05,0.005,0,0,0,303.20608432057156,0.22845486734062434,0.7349913120269775,8.90375942548116,0,0,0,0,0
1769472,288,-81.1671616706038,939.5,0.008241406205343083,52.54834880828857,8.264390325546264,0.05169332313818552,8e-05,0.005,0.5,0.0,0.0,285.4842292082036,0.3957031399011612,0.20385128259658813,40.32290916442871,0.38230560203510666,1.1710403501973603,0.0,0,0.07786635730746813
1775616,289,0,0,0.004555634481646423,0.19911750976915482,8.458223206656319,0.012238814881417846,8e-05,0.005,0,0,0,330.9969307346978,0.21075149425970657,0.9377555847167969,7.151996801425884,0,0,0,0,0
1781760,290,-64.10183889128069,795.3,0.03869249370808785,73.26937690147987,8.111241890833927,0.20444716871360916,8e-05,0.005,0.5,0.0,0.0,300.63282087743664,0.6783854353886384,0.2156529426574707,77.03943076500526,0.4725787831528864,1.2069218943750446,0.0,0,0.08829044295442735
1787904,291,0,0,8.205786143662408e-05,8.806275221705437,7.993328422307968,0.011582411295607133,8e-05,0.005,0,0,0,285.7602453728915,0.22599284453317522,0.4366356134414673,12.850020849704743,0,0,0,0,0
1794048,292,24.43282532196296,1000.0,0.00037176990590523926,9.806380897760391,7.80964332818985,0.006394728032959747,8e-05,0.005,0.1,0.0,0.0,309.7324143485397,0.10831706125463825,0.5210866332054138,16.80472086966038,0.4464581343294891,1.0708179138202152,0.0,0,0.10165269046787537
1800192,293,0,0,0.0009946469479473307,0.32221134286373854,7.879835391044617,0.00934782056229348,8e-05,0.005,0,0,0,295.0337572479023,0.185693364078179,0.9389894008636475,10.02131096869707,0,0,0,0,0
1806336,294,-21.40109430781964,999.2,-0.002245137793943286,0.39264543298631904,7.7732934892177585,0.010916865360926302,8e-05,0.005,0.1,0.0,0.0,282.5398016969928,0.22405599588528274,0.8336958885192871,6.054727735370397,0.5420852592020642,0.7756613543351645,0.0,0,0.14393746626815335
1812480,295,0,0,-0.0022790222574258223,0.5128255225718021,7.799481189250946,0.008877341671181423,8e-05,0.005,0,0,0,303.31595692781747,0.18872070838697255,0.9258197546005249,8.197094128280877,0,0,0,0,0
1818624,296,39.67638549462597,829.3,0.0013531808654079214,1.616982364654541,7.584701752662658,0.009206209224798667,8e-05,0.005,0.3,0.0,0.0,314.4150397974141,0.1791829476132989,0.6023211479187012,17.1373003333807,0.6575808387516651,0.41293275008524716,0.0,0,0.14362062055616304
1824768,297,0,0,5.501663035829551e-05,8.37986091375351,7.5008081018924715,0.00700173263831366,8e-05,0.005,0,0,0,268.90273612756533,0.11920573302049889,0.5333033800125122,204.93744143247605,0,0,0,0,0
1830912,298,54.649119408159414,956.6,-9.435888678126503e-05,15.027354884147645,7.486532133817673,0.0008032313056926127,8e-05,0.005,0.2,0.0,0.0,292.45922340056586,0.010449219020665623,0.5676087141036987,247.6188035726547,0.6860997058574585,0.44145923379198065,0.0,0,0.17526147078666834
1837056,299,0,0,-0.0005766965339716989,37.97538557052612,7.417656600475311,0.000905866695922571,8e-05,0.005,0,0,0,313.5006026812133,0.01420898474752903,0.6718270778656006,457.9643662452698,0,0,0,0,0
1843200,300,33.49691321951803,939.4,-0.001367688561003888,21.540894782543184,7.4063081502914425,0.003262856126504654,8e-05,0.005,0.2,0.0,0.0,311.4534522442743,0.065690105734393,0.775601327419281,281.8323944568634,0.6490801623508273,0.6316032667636132,0.0,0,0.1602617231109046
1849344,301,0,0,-0.0014569636463420466,1.1688062146306037,7.506009370088577,0.006444244695254175,8e-05,0.005,0,0,0,333.96728127309245,0.11108398699434474,0.8610295057296753,10.79733403325081,0,0,0,0,0
1855488,302,41.27403410637605,955.6,-0.0009818213497055695,22.083610630035402,7.5451437592506405,0.0032500975525237897,8e-05,0.005,0.1,0.0,0.0,275.2981984635017,0.04972330855671316,0.8524144887924194,248.76377036571503,0.6700253310041947,0.7449917281849744,0.0,0,0.16834140398830896
1861632,303,0,0,-0.0014690930081997066,1.058453493565321,7.509021747112274,0.0046031580156556725,8e-05,0.005,0,0,0,327.20019940445553,0.08458659134485061,0.6605809926986694,10.734251260757446,0,0,0,0,0
1867776,304,-11.227410069675765,928.0,-0.0004507607722189277,5.057417622208595,7.4802779912948605,0.003496730133342071,8e-05,0.005,0.1,0.0,0.0,326.6577904648106,0.06958008015353698,0.6666678190231323,40.93584815263748,0.7017030680702808,0.7641904304910111,0.0,0,0.19209668655614975
1873920,305,0,0,-7.496994840039406e-06,7.341197207570076,7.532578229904175,0.003114958247815688,8e-05,0.005,0,0,0,282.7225763430823,0.057893881404015704,0.8320305943489075,85.61782984733581,0,0,0,0,0
1880064,306,41.30101088280153,697.9,-0.0007386871777271154,6.113488334417343,7.413553589582444,0.0034937919735089085,8e-05,0.005,0.4,0.0,0.0,251.48231780399166,0.05157877760066185,0.88221275806427,155.45852482318878,0.842572516987449,0.5723648796595378,0.0,0,0.15532031298793983
1886208,307,0,0,-0.0002559217631642241,9.417047360539437,7.355854898691177,0.0019368140167828768,8e-05,0.005,0,0,0,310.6754350703831,0.03637695431534667,0.8649337887763977,159.20875136852266,0,0,0,0,0
1892352,308,49.787149400647955,841.8,-0.00037497027633435207,0.9864187069237232,7.376850038766861,0.01053824323317305,8e-05,0.005,0.2,0.0,0.0,313.46371929055454,0.2004231824656017,0.8576854467391968,8.885450512915849,0.8975854284249571,0.6495208396247817,0.0,0,0.19250773116398398
1898496,309,0,0,0.03598303522448987,12.316882353562574,7.007767127110408,0.4389907069361201,8e-05,0.005,0,0,0,295.4655798036766,0.730468770632377,0.8055368065834045,210.12495099581204,0,0,0,0,0
1904640,310,56.18891422590981,805.8,-0.00017215292123182735,19.256440901756285,6.9872700572013855,0.0017410026610415095,8e-05,0.005,0.3,0.1,0.0,286.6866732101145,0.03219401122187264,0.4009063243865967,30.434809970855714,1.329703605123284,1.0778325940335474,0.0,0,0.26616287152432166
1910784,311,0,0,-7.770760621497174e-05,25.564578080177306,6.948837178945541,0.0011425548565995869,8e-05,0.005,0,0,0,244.07324905187193,0.016927083765040152,0.5994322299957275,65.51815530061722,0,0,0,0,0
1916928,312,45.962537230592964,689.2,-0.0003833678420051001,2.7009307712316515,6.942340421676636,0.015185050956100505,8e-05,0.005,0.5,0.1,0.0,313.6390881647529,0.30242513863777276,0.8422239422798157,19.496434238553046,1.4475026187915752,1.0498790164446898,0.0,0,0.25649936493124426
1923072,313,0,0,-0.0016940929741394938,6.982556754350663,6.8186429977417,0.008370967269005625,8e-05,0.005,0,0,0,249.07392532699126,0.186930344090797,0.7634748816490173,20.840072348713875,0,0,0,0,0
1929216,314,91.23158345202546,725.1,-0.0010718311115851975,12.389497768878936,6.723021829128266,0.007007064743087095,8e-05,0.005,0.4,0.0,0.0,283.4555656423632,0.1365071652457118,0.5515471696853638,31.56826028227806,1.8720754996154831,0.8559393344361486,0.0,0,0.31969946921810966
1935360,315,0,0,-0.001038221054477617,6.127119719982147,6.634672027826309,0.011663927000861473,8e-05,0.005,0,0,0,238.548402533694,0.23527018938912078,0.6115596890449524,51.04455143809319,0,0,0,0,0
1941504,316,114.04336052788821,674.3,-0.0038128533524286468,9.456165850162506,6.503681337833404,0.005511588703487695,8e-05,0.005,0.6,0.0,0.0,268.19361799234247,0.14015299957682145,0.6590913534164429,56.79753393530846,2.1730192469386638,0.7389102547666637,0.0,0,0.37287458435545473
1947648,317,0,0,-0.0022908781425940105,9.053789764642715,6.4146611273288725,0.00830719872756444,8e-05,0.005,0,0,0,144.84896045460053,0.16533203594153748,0.5054481029510498,40.879598915576935,0,0,0,0,0
1953792,318,153.57906449655184,750.6,-0.0017734883571392857,18.87427423000336,6.357976269721985,0.004106233911445863,8e-05,0.005,0.4,0.0,0.0,275.6191828989455,0.07958984612341738,0.47522062063217163,67.19784226417542,2.3427381934576013,0.5893905491592817,0.0,0,0.4721072446982963
1959936,319,0,0,-0.0030607396774939843,9.661074233055114,6.339085561037064,0.004328545329693822,8e-05,0.005,0,0,0,278.3525393835387,0.09811198215465992,0.5825792551040649,78.57372494339943,0,0,0,0,0
1966080,320,201.3644434115237,764.6,-0.000630487798480317,27.70033288002014,6.364485764503479,0.0017522288596892532,8e-05,0.005,0.4,0.0,0.1,252.72044327326756,0.031689454188745005,0.4306517243385315,90.33420485258102,2.749054138365534,0.5475194405217162,0.0,0,0.6360646359175273
1972224,321,0,0,-0.00045162232090660835,24.18012752532959,6.331182360649109,0.0015551924075265845,8e-05,0.005,0,0,0,249.8871719894381,0.025162761140381917,0.5461736917495728,86.12360006570816,0,0,0,0,0
1978368,322,158.2918177990205,586.1,-0.000706727990473155,16.06540780067444,6.259210205078125,0.004616030412219711,8e-05,0.005,0.5,0.2,0.0,266.5896393228857,0.09731445603974861,0.5795772075653076,103.4499412536621,2.6516904689483773,0.4917805484278122,0.0,0,0.4206584669530244
1984512,323,0,0,-0.0007686414988711477,25.59752643108368,6.202991980314255,0.0014783434859089802,8e-05,0.005,0,0,0,247.85213404187843,0.028369141490838957,0.6347713470458984,135.62174972295762,0,0,0,0,0
1990656,324,271.1417544838972,905.8,-0.0011065458465964184,16.819927442073823,6.2225901007652284,0.0036133182628680744,8e-05,0.005,0.2,0.0,0.1,258.87671379296796,0.0712239601809415,0.5592516660690308,98.71101930737495,2.762051392056612,0.5534020869838671,0.0,0,0.6722175547322233
1996800,325,0,0,-2.673821581993252e-05,20.725604605674743,6.205775898694992,0.0030634471717377837,8e-05,0.005,0,0,0,258.69614959220263,0.06529948103270726,0.6592530012130737,106.97514386177063,0,0,0,0,0
2002944,326,231.74316541519323,762.6,0.00395178970056357,11.51470365680632,6.147668432016841,0.01420028230102424,8e-05,0.005,0.4,0.0,0.1,279.1653749274782,0.24003160014351616,0.40533447265625,53.09380950302374,2.9820905409529517,0.5454081117597003,0.0,0,0.5925667181405927
