step,episode,ep_reward_mean,ep_len_mean,policy_loss,value_loss,entropy,approx_kl,learning_rate,entropy_coef,collision_rate,offroad_rate,success_rate,fps,clipfrac,explained_variance,grad_norm,avg_speed,lane_deviation,lane_change_count,min_ttc,path_completion,steer_mean,steer_std,throttle_mean,throttle_std,action_penalty,bias_inverse_tta_coef,perception_sigma0,perception_k,delay_steps
34207488,2121,0,0,23.10816969871521,105.32922134399413,0.05647973460145295,46.103083801269534,7.470995368421057e-05,0.006452160000000002,0,0,0,370.1418313261015,0.7283203125,0.3137207627296448,3790.2537353515627,0,0,0,0,0,0.002497525507365386,0.030282921065377964,0.9959068830152654,0.0008568546048014785,0.000512567937374115,0.1,0.1,0.1,1
34223616,2122,10.246454153039792,66.0,9.728759288787842,76.01564445495606,-0.3218008056282997,56.01885166168213,7.459536000000008e-05,0.006448128000000001,0.1,0.9,0.0,348.59068428739033,0.70390625,0.4389219880104065,1717.4749237060546,9.097801685639315,0.0,0.0,10.0,0.11409283786337969,-0.02084492028321582,0.031181393671485653,0.9933195286953688,0.0013417339769037366,0.0005043615698814392,0.03333333333333333,0.03333333333333333,0.1,1
34239744,2123,0,0,60.51919669508934,58.8083553314209,-0.39666039645671847,83.2658519744873,7.448076631578953e-05,0.006444096000000002,0,0,0,303.47712643118564,0.6283203125,0.35890722274780273,10869.837033081054,0,0,0,0,0,-0.03903363979655157,0.03965426597415122,0.9907857600067318,0.0015405967836169523,0.0005071108937263489,0.1,0.0,0.03333333333333333,0
34255872,2124,-4.227593101767139,35.2,4.110685288906097,46.442941665649414,-0.4242889732122421,113.97094116210937,7.436617263157906e-05,0.006440064000000002,0.0,1.0,0.0,332.22372247074816,0.671875,-0.05411946773529053,778.954150390625,5.1650779136704354,0.0,0.0,10.0,0.03385824973131631,-0.03500791200953557,0.03909468970234381,0.9858447160217021,0.0027074517919175815,0.0004982384443283081,0.03333333333333333,0.03333333333333333,0.1,1
34272000,2125,0,0,2.563193368911743,38.60337753295899,-0.40954679250717163,204.59017181396484,7.425157894736846e-05,0.006436032000000001,0,0,0,260.56760677349007,0.8947265625,-0.7844880819320679,559.9431053161621,0,0,0,0,0,-0.08524764477405102,0.045231689095261596,0.9803377879801368,0.002878379669947558,0.0005150349736213685,0.03333333333333333,0.0,0.06666666666666667,1
34288128,2126,-6.833706066467164,21.4,1.665435016155243,34.634877395629886,-0.4676750421524048,630.7634674072266,7.413698526315796e-05,0.006432,0.2,0.8,0.0,232.82935997513383,0.8857421875,-5.523356914520264,487.4948921203613,2.9861028230122506,0.0,0.0,10.0,0.01655643678136955,-0.2402932380686695,0.03425634203311219,0.9684058393540463,0.004027451472318266,0.0005746139287948609,0.1,0.1,0.1,0
34304256,2127,0,0,0.8401711463928223,20.206224822998045,-0.47543100714683534,1070.6618286132812,7.402239157894747e-05,0.006427968000000001,0,0,0,235.82353369399377,0.8142578125,-11.675054550170898,119.58034896850586,0,0,0,0,0,-0.3168108280246844,0.023230731605300325,0.9558535876998203,0.004316639398314576,0.0005999382734298706,0.03333333333333333,0.1,0.06666666666666667,1
34320384,2128,-6.7794558225356,24.0,0.7972394317388535,6.7884880065917965,-0.4248786360025406,1981.4426391601562,7.390779789473692e-05,0.006423936000000002,0.2,0.8,0.0,253.67565129723675,0.699609375,-10.215502738952637,118.3778694152832,3.17743475944546,0.0,0.0,10.0,0.01695034684594476,-0.37342847355207626,0.01889647192635248,0.9369796089674047,0.00612208167769138,0.0006121217608451844,0.03333333333333333,0.0,0.06666666666666667,1
34336512,2129,0,0,0.8184212386608124,2.1343163728713987,-0.4120389521121979,2074.6622924804688,7.37932042105264e-05,0.006419904000000002,0,0,0,277.0299382626989,0.6419921875,-3.5501370429992676,141.4111499786377,0,0,0,0,0,-0.3615569777545331,0.02454765281266717,0.9133250602526591,0.007911882549700633,0.0005844372510910034,0.0,0.0,0.06666666666666667,1
34352640,2130,-7.27463156196323,18.6,0.975028070807457,0.6737487852573395,-0.27688081562519073,1568.4776184082032,7.367861052631584e-05,0.006415872000000001,0.1,0.9,0.0,338.99482150130814,0.758984375,0.05458033084869385,117.13438091278076,2.0526386277884408,0.0,0.0,10.0,0.012876244326394276,-0.39002271223715446,0.02066781737482591,0.8734951305308906,0.010970532612740993,0.0005766346454620362,0.0,0.0,0.03333333333333333,1
34368768,2131,0,0,0.31085183173418046,0.6723485350608825,-0.12316664457321166,1082.6727783203125,7.356401684210532e-05,0.00641184,0,0,0,401.17227802703525,0.787109375,0.08063209056854248,33.91706609725952,0,0,0,0,0,-0.4627464321034306,0.02748255259505992,0.7768355960287682,0.01969927986689846,0.0005789185166358948,0.1,0.0,0.03333333333333333,1
34384896,2132,-7.1537945845491295,24.8,1.1356940314173698,0.6618652224540711,-0.1255197122693062,850.08896484375,7.344942315789483e-05,0.006407808000000001,0.0,1.0,0.0,435.14765653002036,0.61953125,0.4422350525856018,133.75788173675537,1.884063321471844,0.0,0.0,10.0,0.013732359515420078,-0.4187877217964082,0.040118393375201566,0.6818253729468899,0.028167884717731215,0.0005286439061164856,0.03333333333333333,0.06666666666666667,0.03333333333333333,0
34401024,2133,0,0,0.22876333445310593,0.665364795923233,-0.10272632986307144,585.1505432128906,7.333482947368425e-05,0.006403776000000002,0,0,0,552.6689495362317,0.6462890625,0.5896400213241577,35.69873561859131,0,0,0,0,0,-0.4249786250740988,0.04076937077190143,0.5593812611445396,0.03322408700944637,0.0005020716190338135,0.0,0.06666666666666667,0.1,1
34417152,2134,-6.919906720350445,44.0,0.2759572952985764,0.5838779360055923,-0.034196120128035544,281.3404052734375,7.322023578947375e-05,0.006399744000000001,0.0,1.0,0.0,622.8053580436834,0.5947265625,0.6037018299102783,32.921254777908324,1.612820438581656,0.0,0.0,10.0,0.015624193167655051,-0.43554473680463895,0.03909758724640657,0.47984503368939946,0.041335378401014096,0.0004926842451095582,0.06666666666666667,0.0,0.1,0
34433280,2135,0,0,0.16409626752138137,0.5087876558303833,0.10410175584256649,85.08022346496583,7.310564210526326e-05,0.006395712000000001,0,0,0,749.7663542166126,0.5763671875,0.7124201059341431,29.823443126678466,0,0,0,0,0,-0.44086661550511463,0.03411145455125935,0.36058326035857113,0.0380611042982366,0.0004818817377090454,0.0,0.06666666666666667,0.1,1
34449408,2136,-5.78989711732918,2046.5,0.31428779661655426,0.5692235678434372,0.26076666861772535,60.101552963256836,7.299104842105271e-05,0.006391680000000002,0.0,0.8,0.0,821.6658724650921,0.5060546875,0.7315494418144226,58.67416839599609,0.6048284519409567,0.0,0.0,10.0,0.011452110310604462,-0.45272676253882727,0.035211834488764776,0.28530242738927375,0.0522370174561784,0.00048307305574417115,0.06666666666666667,0.1,0.03333333333333333,1
34465536,2137,0,0,0.1409188862890005,0.49222247302532196,0.3611337304115295,35.98806095123291,7.287645473684219e-05,0.006387648000000003,0,0,0,889.1212684618647,0.4896484375,0.7481873035430908,26.089931392669676,0,0,0,0,0,-0.45014867074352716,0.039668991112202685,0.22893411108193917,0.06870325563720457,0.00047763702273368835,0.03333333333333333,0.1,0.1,1
