step,episode,ep_reward_mean,ep_len_mean,policy_loss,value_loss,entropy,approx_kl,learning_rate,collision_rate,offroad_rate,success_rate,fps
2048,1,0,0,0.05332643274450675,0.025962552579585463,3.4742864698171614,0.7753171572927403,0.0003,0,0,0,499.0972367349519
4096,2,0,0,-0.003681382944341749,0.017167812265688552,3.439049071073532,0.06811407126952117,0.0003,0,0,0,496.1748092037373
6144,3,0,0,-0.010662998666521161,0.008587514836108312,3.421153262257576,0.08317918960238051,0.0003,0,0,0,624.5797482073734
8192,4,0,0,-0.0019823080278001727,0.21643571332097053,3.6783099502325056,0.12614460126496976,0.0003,0,0,0,473.04882077227705
10240,5,0,0,-0.0006642990163527429,0.12016638678032905,3.9523356348276137,0.07772813027259119,0.0003,0,0,0,591.6048220499064
12288,6,0,0,0.003174512356054038,0.5406833784654737,3.9683320194482805,0.046370160835796384,0.0003,0,0,0,427.5556908966827
14336,7,0,0,0.005136434326414019,0.4031657982617617,4.368671476840973,0.05225173236103895,0.0003,0,0,0,442.6076535123426
16384,8,0,0,0.005746854678727686,0.39422458354383705,4.840936481952667,0.04361031161388583,0.0003,0,0,0,425.458532484774
18432,9,0,0,0.0009238621918484568,0.2843103184364736,4.686613041162491,0.03811776438378924,0.0003,0,0,0,413.94972983189274
20480,10,0,0,-0.013534857460763305,0.030802924651652575,4.373100456595421,0.0980601143208346,0.0003,0,0,0,577.9683639643199
22528,11,0,0,0.000519666203763336,0.22393984887748958,4.265216526389122,0.14203075371915638,0.0003,0,0,0,393.91953249512363
24576,12,0,0,0.0052020078990608455,1.3603635147213935,4.178409022092819,0.03770941082621146,0.0003,0,0,0,344.8954875201087
26624,13,0,0,0.010181017161812633,1.1517098173499107,4.342677217721939,0.0662862379918821,0.0003,0,0,0,356.9482179297245
28672,14,0,0,0.004558314569294453,0.6968237832188606,4.388419336080551,0.06512857892085033,0.0003,0,0,0,330.35330813091446
30720,15,0,0,-0.005686809273902327,0.823857794329524,4.215772932767868,0.05136788265954375,0.0003,0,0,0,422.79531810914057
32768,16,0,0,0.0023356519057415428,1.4205133467912674,4.09768822491169,0.054831638046018025,0.0003,0,0,0,353.8824826013321
34816,17,0,0,0.0052934265695512295,2.426754741370678,4.0345756024122235,0.031622149958276946,0.0003,0,0,0,336.1887386560387
36864,18,0,0,0.0005490289535373449,2.6416243746876718,4.010933834314346,0.04287130656594114,0.0003,0,0,0,339.4077346040476
38912,19,0,0,-0.0005360921728424728,1.4593213222920896,3.9151894599199295,0.040583361276368884,0.0003,0,0,0,404.3198916734509
40960,20,5.7561806591230456,106.9,0.002982007910031825,3.3748374968767165,4.112321338057518,0.02772067321057194,0.0003,0.0,1.0,0.0,323.9111888336292
43008,21,0,0,0.0014513095957227051,1.9898879826068878,4.080712878704071,0.0337365669198351,0.0003,0,0,0,314.4127035997893
45056,22,0,0,0.0033262645243667065,6.483951568603516,4.022463288903237,0.03326298532483797,0.0003,0,0,0,316.4098542934418
47104,23,0,0,0.00010313712991774082,3.755053722858429,4.094220042228699,0.03899552510120125,0.0003,0,0,0,308.3654914920272
49152,24,0,0,0.011293614329770208,3.0415642470121385,4.125949057936668,0.0699757690890708,0.0003,0,0,0,322.4192010766706
51200,25,0,0,0.002048434258904308,3.1993226259946823,4.191245037317276,0.022698669688544986,0.0003,0,0,0,285.30405845622425
53248,26,0,0,0.001098373788408935,2.7054253309965133,4.065215075016022,0.021982969362580686,0.0003,0,0,0,320.8483980522598
55296,27,0,0,-0.0015200818656012417,1.255980385094881,4.130915629863739,0.032578834360175876,0.0003,0,0,0,345.54449928993887
57344,28,0,0,-0.002534670347813517,3.394547140598297,4.114599293470382,0.023307157115779128,0.0003,0,0,0,334.96982058817406
59392,29,0,0,-0.002301941328914836,1.2684729509055614,3.991562011837959,0.035584175799159776,0.0003,0,0,0,379.9033150642232
61440,30,0,0,-0.0021188539161812515,1.517393945902586,4.062296378612518,0.04001103523478601,0.0003,0,0,0,286.4791959658353
63488,31,0,0,-0.014715563599020242,1.9947450578212738,3.8665319263935087,0.04048870494080022,0.0003,0,0,0,328.7018265246256
65536,32,0,0,-0.002084971754811704,2.761367516219616,3.881345671415329,0.025670473484208523,0.0003,0,0,0,344.4258242264955
67584,33,0,0,-0.001026618096511811,1.4803450040519237,3.7051029086112974,0.04796988112648427,0.0003,0,0,0,323.86612501561376
69632,34,0,0,0.0056647426972631365,3.5959444284439086,3.725999170541763,0.06406636741012482,0.0003,0,0,0,329.5524261093907
71680,35,0,0,0.0202948700170964,2.9867541566491127,3.6155793577432633,0.13814709091948446,0.0003,0,0,0,329.0777620120619
73728,36,0,0,-0.0025866255746223032,7.519696140289307,3.9143062055110933,0.03649220009974862,0.0003,0,0,0,302.29031852457274
75776,37,0,0,-0.0013513165875338018,2.506406755745411,3.9267709285020826,0.06166005472478141,0.0003,0,0,0,351.65855111152376
77824,38,0,0,-0.006172818213235587,2.88430218398571,3.7876637458801268,0.0686864306626393,0.0003,0,0,0,434.26080952392266
79872,39,0,0,-0.0041014252230525015,7.058272439241409,3.8926522582769394,0.05404329236116719,0.0003,0,0,0,323.38899915613274
81920,40,12.625630251420555,142.8,0.010944628203287721,4.340832042694092,3.9803546994924544,0.11834734245785757,0.0003,0.0,1.0,0.0,344.699235468128
83968,41,0,0,-0.011393296404276044,5.0293099105358126,3.821311816573143,0.05013806456700094,0.0003,0,0,0,343.95516584351043
86016,42,0,0,0.0023915672092698513,2.2281879067420958,3.707792866230011,0.059910686295189995,0.0003,0,0,0,317.99963424210597
88064,43,0,0,-0.002657509665004909,8.230017447471619,3.647422179579735,0.051339692037438246,0.0003,0,0,0,332.9894971056635
90112,44,0,0,0.013732197298668324,2.556964936852455,3.56416232585907,0.09533748529502362,0.0003,0,0,0,382.1578098658327
92160,45,0,0,0.010483678762102499,5.522524520754814,3.519656205177307,0.09381821976276236,0.0003,0,0,0,391.71837177256833
94208,46,0,0,0.005280734819825739,5.518801233172416,3.508168438076973,0.049935498018751086,0.0003,0,0,0,310.76303186919057
96256,47,0,0,-0.005374731856863946,5.331183218955994,3.5110569298267365,0.10611385606753312,0.0003,0,0,0,359.33581819359966
98304,48,0,0,-0.006412436510436237,2.714679953455925,3.397747603058815,0.04985371869043019,0.0003,0,0,0,447.0239345930831
100352,49,0,0,-0.00517582856118679,4.2425370693206785,3.2527714878320695,0.04468077166311684,0.0003,0,0,0,301.5886749254844
102400,50,0,0,0.010088626528158784,14.594798231124878,3.294095715880394,0.07443357089942007,0.0003,0,0,0,365.8052912200653
104448,51,0,0,-0.008495226013474166,11.257100754976273,3.162570831179619,0.06626116510015116,0.0003,0,0,0,338.04363771252986
106496,52,0,0,0.033431700174696745,13.310600775480271,3.1109234243631363,0.1269015380647052,0.0003,0,0,0,317.2507495152194
108544,53,0,0,4.878483596257865e-05,23.026744663715363,2.940843957662582,0.051435770149694734,0.0003,0,0,0,286.0890263873342
110592,54,0,0,0.03980385713512078,21.545676791667937,3.02282435297966,0.17990313652553783,0.0003,0,0,0,324.22856574306996
112640,55,0,0,0.003946090413955971,35.895186471939084,3.0209880113601684,0.053498538566056755,0.0003,0,0,0,302.12737956140194
114688,56,0,0,-0.004334577824920416,19.757070124149323,3.0572558611631395,0.03877077824754651,0.0003,0,0,0,330.7019902713586
116736,57,0,0,-0.005942601949209347,19.636139380931855,2.9908851087093353,0.03062830541676075,0.0003,0,0,0,356.4962596866353
118784,58,0,0,0.015934125834610312,12.7304337143898,3.0057915836572646,0.11553613825817832,0.0003,0,0,0,297.8663243431807
120832,59,0,0,0.00013822375331074,16.234863579273224,2.845336467027664,0.0717872584355087,0.0003,0,0,0,378.7407199329496
122880,60,13.266177897413149,60.8,0.010534290573559701,47.375528359413146,2.768784022331238,0.07122342775983438,0.0003,0.0,1.0,0.0,292.52085536337495
124928,61,0,0,0.02972550710546784,73.351433801651,2.7686736613512037,0.09263737431611205,0.0003,0,0,0,279.62775799625103
126976,62,0,0,-0.005641268385807053,35.684026908874515,2.7447537004947664,0.03263909535308303,0.0003,0,0,0,314.533379660535
129024,63,0,0,-0.009372518688905984,37.07987146377563,2.741160163283348,0.04300091402692739,0.0003,0,0,0,341.07660924862273
131072,64,0,0,-0.001075909286737442,32.265965700149536,2.7798703104257583,0.020129151315999416,0.0003,0,0,0,267.8624814108571
133120,65,0,0,-0.005218753550434485,32.26575410366058,2.6974133789539336,0.008688412867185876,0.0003,0,0,0,318.45284391120754
135168,66,0,0,0.009054883942008018,26.961502265930175,2.7080508559942245,0.11276184118787894,0.0003,0,0,0,354.97002699528355
137216,67,0,0,0.03148914353223518,36.5620840549469,2.806218886375427,0.15677041119779653,0.0003,0,0,0,296.2655083413344
139264,68,0,0,0.002410416619386524,67.88874759674073,2.713548505306244,0.06847449954366491,0.0003,0,0,0,310.1272813934417
141312,69,0,0,0.0024808370508253574,52.492873191833496,2.7753897577524187,0.05247414916521224,0.0003,0,0,0,315.71844712827993
143360,70,0,0,-0.0012554734479635955,39.53416211605072,2.769524908065796,0.036290555960297316,0.0003,0,0,0,309.9446812005248
145408,71,0,0,-0.005578895588405431,45.22757956981659,2.617304262518883,0.024364921877715728,0.0003,0,0,0,334.29161440807053
147456,72,0,0,0.001829705515410751,57.608081340789795,2.5507453352212908,0.03847810355801145,0.0003,0,0,0,296.56576616899054
149504,73,0,0,-0.0042245742864906784,52.512780570983885,2.464923694729805,0.017734977604415777,0.0003,0,0,0,337.0013506049868
151552,74,0,0,-0.001758935349062085,101.67846183776855,2.457893818616867,0.02032280876483346,0.0003,0,0,0,302.823453322723
153600,75,0,0,0.010134795401245355,70.76791243553161,2.4632175832986833,0.17119315600721438,0.0003,0,0,0,340.8431934385559
155648,76,0,0,0.0015986053622327745,137.9325909614563,2.549649769067764,0.04124265768478223,0.0003,0,0,0,276.3695507931046
157696,77,0,0,0.044021960161626336,88.18109474182128,2.5687968343496324,0.20214490627986664,0.0003,0,0,0,360.1432279141217
159744,78,0,0,-0.0015551489836070687,96.37994232177735,2.5063057392835617,0.04946337920719273,0.0003,0,0,0,321.8858243176512
161792,79,0,0,0.00708409866783768,109.8948447227478,2.4951189905405045,0.05478835964677592,0.0003,0,0,0,310.3232354322904
163840,80,80.68479296319238,134.0,-0.0010992085910402239,88.59076733589173,2.531160372495651,0.020876478728316793,0.0003,0.3,0.7,0.0,303.8768397247244
165888,81,0,0,0.025547202856978403,88.43332042694092,2.486923423409462,0.17896336091180481,0.0003,0,0,0,317.5454119088865
167936,82,0,0,0.0006183169083669781,72.15624904632568,2.467302757501602,0.046772140581744816,0.0003,0,0,0,339.9915690948081
169984,83,0,0,-0.0008561709895730018,66.76187405586242,2.430896970629692,0.01929735089361616,0.0003,0,0,0,309.5110549975426
172032,84,0,0,0.03573920332128182,49.45347831249237,2.4017359644174574,0.3940768464031895,0.0003,0,0,0,316.33863531725694
174080,85,0,0,0.03244586754590273,137.98621912002562,2.650172930955887,0.1362563505710587,0.0003,0,0,0,292.34631492451894
176128,86,0,0,-0.011021034937584773,91.77732696533204,2.784066489338875,0.05368656243663509,0.0003,0,0,0,290.1299208300684
178176,87,0,0,-0.0062346417864318935,53.157557582855226,2.7149769872426988,0.01694761946555081,0.0003,0,0,0,333.96409582595356
180224,88,0,0,-0.005122177209705115,59.78516626358032,2.617689219117165,0.022793896394616507,0.0003,0,0,0,336.96421612837565
182272,89,0,0,0.016776544775348158,46.53597662448883,2.7104027718305588,0.06878306805301837,0.0003,0,0,0,287.3845515609282
184320,90,0,0,-0.0027186779538169504,41.99704625606537,2.7995203256607057,0.044893765158488225,0.0003,0,0,0,312.1514240281969
186368,91,0,0,0.0701342434855178,43.698455119132994,2.7480211913585664,0.41517172213352965,0.0003,0,0,0,307.561894330739
188416,92,0,0,-0.012809539446607232,92.57397937774658,2.782265305519104,0.04013566439389548,0.0003,0,0,0,292.6931708541077
190464,93,0,0,0.02809788938029669,75.7596079826355,2.7339475631713865,0.15694717685255688,0.0003,0,0,0,318.11319560988596
192512,94,0,0,-0.011861650389619172,89.23333902359009,2.6695961505174637,0.03207701737410544,0.0003,0,0,0,260.1075912509193
194560,95,0,0,-0.008355199755169452,67.06687111854554,2.6182648062705995,0.017847343253017907,0.0003,0,0,0,309.32522518165615
196608,96,0,0,0.0018035632790997624,67.56233215332031,2.5919798493385313,0.037192423156377066,0.0003,0,0,0,332.0931200838536
198656,97,0,0,-0.00483748889528215,93.7600863456726,2.6584003537893297,0.04456532723488919,0.0003,0,0,0,291.2641285624561
200704,98,0,0,0.010074976971372962,51.34891595840454,2.624808904528618,0.09449951161514217,0.0003,0,0,0,307.870336499464
202752,99,0,0,0.0011462992755696178,93.89391975402832,2.550327640771866,0.023315249200097626,0.0003,0,0,0,301.83169989253446
204800,100,131.55918689052115,166.8,-0.006318671529879793,96.07696428298951,2.5640888810157776,0.019338195381717514,0.0003,0.5,0.5,0.0,337.2072920081538
206848,101,0,0,0.009964182937983424,77.74186701774597,2.470023986697197,0.06989208784217013,0.0003,0,0,0,338.1299708288841
208896,102,0,0,0.09029309883480892,90.06076221466064,2.4295384526252746,1.1638971630949555,0.0003,0,0,0,346.3959861311508
210944,103,0,0,-0.013429902819916606,164.62158937454222,2.2881049156188964,0.02098326171981371,0.0003,0,0,0,302.4733810658039
212992,104,0,0,0.03414847039384768,99.75223731994629,2.324902206659317,0.47732941402573753,0.0003,0,0,0,348.0279887941427
215040,105,0,0,0.09250992320012301,47.44344425201416,2.8296524196863175,2.4491527278762106,0.0003,0,0,0,239.7088386651794
217088,106,0,0,0.013524326717015357,34.398619985580446,4.144776481389999,0.06072833260987139,0.0003,0,0,0,322.306052150792
219136,107,0,0,-0.0058993945829570295,19.917297339439394,4.044608932733536,0.023608137081102334,0.0003,0,0,0,342.92760491628593
221184,108,0,0,-0.0008673836709931493,6.706703734397888,4.0422784864902495,0.051638231369727096,0.0003,0,0,0,422.6134967936724
223232,109,0,0,0.014748318586498499,6.3481390416622165,3.9420378893613814,0.11398438235046497,0.0003,0,0,0,481.3724853349792
225280,110,0,0,-0.00040711432229727506,6.750123900175095,3.9508965641260145,0.06529227781575495,0.0003,0,0,0,401.94861831566993
227328,111,0,0,0.0216618740465492,2.3215304099023344,4.062357237935066,0.1521860273904183,0.0003,0,0,0,378.03462973206473
229376,112,0,0,0.011780789447948336,17.740313470363617,3.5995056450366976,0.10140439916867972,0.0003,0,0,0,342.1254641381477
231424,113,0,0,-0.014555924665182829,11.147838455438613,3.515510654449463,0.06723053289170104,0.0003,0,0,0,312.09278999853797
233472,114,0,0,-0.008513240562751889,10.498172181844712,3.5777498215436934,0.07644777498499158,0.0003,0,0,0,305.4710962754788
235520,115,0,0,0.0019137450493872167,8.997331714630127,3.470773899555206,0.14097934816382027,0.0003,0,0,0,250.6673402539446
237568,116,0,0,0.019965255836723372,23.183027613162995,3.5813247144222258,0.0646929799229851,0.0003,0,0,0,349.25496485569744
239616,117,0,0,-0.0052105403970927,3.67375068962574,3.5650262981653214,0.06467737174825897,0.0003,0,0,0,507.47863740889244
241664,118,0,0,-0.005890732165426016,4.597416195273399,3.6074649184942245,0.06288034568424442,0.0003,0,0,0,480.48212984415255
243712,119,0,0,-0.0022399968816898762,11.188442534208297,3.728052431344986,0.04993095750978793,0.0003,0,0,0,344.0299118463697
245760,120,110.52864330122074,730.3,-0.00020411702571436762,6.630984190106392,3.700530785322189,0.17493626594660014,0.0003,0.0,0.5,0.0,389.75759125615065
247808,121,0,0,0.0029967657290399076,3.7122146070003508,3.6211291044950484,0.10751120372442688,0.0003,0,0,0,409.96021885647144
249856,122,0,0,0.005080053047277033,2.931368041038513,3.366063618659973,0.07353159020713218,0.0003,0,0,0,371.8489497373272
251904,123,0,0,0.016458300926024093,4.693910047411919,3.2642329037189484,0.08741385413122953,0.0003,0,0,0,343.152191752508
253952,124,0,0,-0.008635459694778547,8.504749661684036,3.2195138812065123,0.03266175243770846,0.0003,0,0,0,371.7870029458826
256000,125,0,0,-0.005159985821228475,9.435687053203583,3.087042826414108,0.035024269419956525,0.0003,0,0,0,322.79659086626
258048,126,0,0,-0.006537106912583112,18.42088661789894,2.9796882957220077,0.030559341410846135,0.0003,0,0,0,366.10781560897
260096,127,0,0,0.006863276672083885,14.388404035568238,2.840850865840912,0.07867739926114341,0.0003,0,0,0,329.61899368895695
262144,128,0,0,-0.0029240874224342405,17.71038875579834,2.818695569038391,0.010174936234037132,0.0003,0,0,0,348.90622921372267
264192,129,0,0,-0.008084469265304506,36.7004451751709,2.785786908864975,0.017700451414568642,0.0003,0,0,0,321.66240109367544
266240,130,0,0,-0.005138033389812335,31.980530786514283,2.775318092107773,0.010028836345739445,0.0003,0,0,0,303.96754238884427
268288,131,0,0,-0.0015801170840859414,23.391566109657287,2.71723225414753,0.040829542366557045,0.0003,0,0,0,364.6981474466732
270336,132,0,0,-0.0020288485335186123,37.56195414066315,2.6681660234928133,0.016913104339257478,0.0003,0,0,0,356.685857065546
272384,133,0,0,-0.0020492256386205553,28.594799065589903,2.668824541568756,0.031130137990114326,0.0003,0,0,0,351.47251912010745
274432,134,0,0,0.010904699668753893,50.122884607315065,2.549132466316223,0.07885504033839194,0.0003,0,0,0,328.0433399343488
276480,135,0,0,-0.009853213257156313,100.65185842514038,2.4090439915657043,0.03336442924919735,0.0003,0,0,0,336.3233815831203
278528,136,0,0,-0.006632124749012291,119.45673875808716,2.366938644647598,0.026683278071143735,0.0003,0,0,0,339.9994819619204
280576,137,0,0,0.02661941437982023,63.899243640899655,2.3750990718603133,0.11301261841727184,0.0003,0,0,0,355.39146158685526
282624,138,0,0,-0.006912869145162403,73.01538043022155,2.5259164959192275,0.025430065017282698,0.0003,0,0,0,319.11971445589506
284672,139,0,0,-0.005905673082452267,64.49879097938538,2.544308030605316,0.022929534272409624,0.0003,0,0,0,299.40440697364534
286720,140,85.03776804389976,126.6,-0.005648865038529039,50.96595528125763,2.5463634938001634,0.016833033886363077,0.0003,0.1,0.9,0.0,351.9562892363572
288768,141,0,0,-0.00480638268054463,87.87754974365234,2.495511496067047,0.025387917197082464,0.0003,0,0,0,329.6368035578021
290816,142,0,0,0.012586156488396227,49.93998937606811,2.4231797367334367,0.06417854708861578,0.0003,0,0,0,330.6751796476847
292864,143,0,0,0.007638748618774116,87.1812819480896,2.4165720850229264,0.041048555824457565,0.0003,0,0,0,313.28453589861465
294912,144,0,0,0.060684492124710235,108.04355392456054,2.36226173043251,0.30244011328905124,0.0003,0,0,0,376.3051664508116
296960,145,0,0,0.04713858389295637,103.26716175079346,2.382783606648445,0.2535192242525254,0.0003,0,0,0,351.20122740652965
299008,146,0,0,-0.010117386607453227,124.27039499282837,2.1256824254989626,0.03069918874826174,0.0003,0,0,0,341.5892216367044
301056,147,0,0,0.01554897140013054,112.28151798248291,2.1617133885622026,0.08430132544599864,0.0003,0,0,0,344.6852516965846
303104,148,0,0,0.012724772200454027,107.31060676574707,2.14272940158844,0.09438165951433165,0.0003,0,0,0,367.51120551909344
305152,149,0,0,0.030093158292584122,72.81744031906128,2.1477144598960876,0.15612974755640957,0.0003,0,0,0,311.767029931859
307200,150,0,0,0.00938831177772954,93.23870210647583,2.0539939641952514,0.06938113111228036,0.0003,0,0,0,331.30077124629895
309248,151,0,0,0.004894512519240379,49.64798295497894,2.0768946319818498,0.034992175555092944,0.0003,0,0,0,347.8058906052662
311296,152,0,0,0.03337751894723624,54.342314386367796,2.0723609790205955,0.17762675133054123,0.0003,0,0,0,335.1454445545044
313344,153,0,0,0.010179168311879039,38.166825556755064,2.2413082003593443,0.053350036410851065,0.0003,0,0,0,334.314291531054
315392,154,0,0,0.02044435666175559,67.50517797470093,2.3619867295026777,0.07757447489421325,0.0003,0,0,0,338.66434464953966
317440,155,0,0,0.002479498606408015,88.37658486366271,2.203011631965637,0.041207627959378546,0.0003,0,0,0,313.53798304334254
319488,156,0,0,0.005064223142107948,51.446677112579344,2.221333545446396,0.05766857513226956,0.0003,0,0,0,348.9165891685474
321536,157,0,0,0.02116201770841144,78.79900846481323,2.2071593552827835,0.0941050123889026,0.0003,0,0,0,360.0467532861642
323584,158,0,0,0.0029769214102998375,50.665563988685605,2.2006551533937455,0.03437561185929059,0.0003,0,0,0,343.25717462908165
325632,159,0,0,-0.002414399990811944,94.5010799407959,2.1521624505519865,0.028011299509674792,0.0003,0,0,0,345.78559793225884
327680,160,109.85611960994147,143.6,0.012480619398411363,70.74233479499817,2.165075474977493,0.05999557296745781,0.0003,0.4,0.6,0.0,376.39407488993345
329728,161,0,0,0.0328208729159087,78.14393467903137,2.1995017275214197,0.1749853000248584,0.0003,0,0,0,403.49697814161783
331776,162,0,0,0.005824824463343248,60.84573245048523,2.1810309678316115,0.04006711541269681,0.0003,0,0,0,364.0668531855965
333824,163,0,0,-0.0033502049511298536,59.69517049789429,2.0835980415344237,0.029793592446372565,0.0003,0,0,0,382.90643585479364
335872,164,0,0,0.026522484497400002,80.22243328094483,2.048244246840477,0.11738414122956371,0.0003,0,0,0,388.18653919710664
337920,165,0,0,0.024545822059735656,129.9786623954773,2.2658260256052016,0.10676724297809806,0.0003,0,0,0,372.2446467648747
339968,166,0,0,0.006910930806770921,85.06698646545411,2.240566465258598,0.047202862799170256,0.0003,0,0,0,390.00391877468644
342016,167,0,0,0.0010178366443142294,100.16965265274048,2.2339097231626512,0.05298050887650191,0.0003,0,0,0,405.8537977810259
344064,168,0,0,0.039633496478199956,52.078637862205504,2.191860517859459,0.3670573832212574,0.0003,0,0,0,363.57487792742967
346112,169,0,0,0.01928280818974599,50.87069506645203,2.2382206588983538,0.1092511553783025,0.0003,0,0,0,362.5977065583745
348160,170,0,0,0.0035936002153903247,87.88418216705323,2.1729810178279876,0.05506043038331462,0.0003,0,0,0,401.20958802000536
350208,171,0,0,0.0032938096788711845,81.72424712181092,2.247783026099205,0.05478243462712508,0.0003,0,0,0,384.2490933620576
352256,172,0,0,0.0012460297090001403,71.62614679336548,2.2711550444364548,0.04738815922173874,0.0003,0,0,0,398.89942819026544
354304,173,0,0,0.00699666430009529,62.003303337097165,2.3363813728094103,0.047382257838037775,0.0003,0,0,0,334.9642561171022
356352,174,0,0,0.011767191073158757,56.77600326538086,2.3993349999189375,0.05325303051504547,0.0003,0,0,0,325.76813286070933
358400,175,0,0,0.002412239252589643,81.3979139328003,2.3244621008634567,0.030786420468943664,0.0003,0,0,0,409.54930315060716
360448,176,0,0,-0.0022484770626761017,85.27227244377136,2.332423892617226,0.020236097570164886,0.0003,0,0,0,362.99615981790384
362496,177,0,0,0.01517226843861863,82.82034306526184,2.3169902086257936,0.0702344863006178,0.0003,0,0,0,411.5127579028537
364544,178,0,0,0.005605007242411375,54.4256669998169,2.282804173231125,0.09368110536379706,0.0003,0,0,0,380.4623433088898
366592,179,0,0,0.008866194554138928,52.68817324638367,2.273940461874008,0.05337014131619514,0.0003,0,0,0,394.80530581925393
368640,180,121.63203107149047,147.5,0.009149446932133288,52.254393100738525,2.3661800235509873,0.04477009174879882,0.0003,0.2,0.8,0.0,375.92869501771213
370688,181,0,0,-0.0035125045338645577,73.0645182132721,2.3744523137807847,0.02804593718028921,0.0003,0,0,0,417.5235933977498
372736,182,0,0,0.008313829847611486,160.19833126068116,2.3852711617946625,0.04610489653423752,0.0003,0,0,0,377.52765112241497
374784,183,0,0,0.03212422537035309,59.00443043708801,2.5337074279785154,0.18112602330111494,0.0003,0,0,0,389.1064666816331
376832,184,0,0,0.015850033733295278,185.14610595703124,2.4360439449548723,0.08367204809328772,0.0003,0,0,0,421.9380884889992
378880,185,0,0,-0.003333042049780488,111.4459361076355,2.549074172973633,0.02305572084733471,0.0003,0,0,0,451.7139647567873
380928,186,0,0,-0.0010818971553817392,65.22041201591492,2.5805478513240816,0.019067434819956104,0.0003,0,0,0,360.6844941898912
382976,187,0,0,-0.0018553436500951647,44.00167057514191,2.5392513990402223,0.08484559243552385,0.0003,0,0,0,378.5117795833774
385024,188,0,0,0.16524174610385672,104.82354741096496,1.5046150825917721,3.3592167914845077,0.0003,0,0,0,386.5862545532804
387072,189,0,0,0.16267423254903407,15.962890380620957,2.049506162106991,1.2251549893990212,0.0003,0,0,0,372.49843462737124
389120,190,0,0,0.1021163568191696,3.5707989245653153,2.5873173877596853,0.5075352331157814,0.0003,0,0,0,367.87284162135603
391168,191,0,0,0.016201238974463194,2.726134644448757,2.009322911500931,0.17510550302686861,0.0003,0,0,0,410.6671284276803
393216,192,0,0,-0.0004546324082184583,1.5046416401863099,2.15728959441185,0.09108212974388472,0.0003,0,0,0,385.3534685867016
395264,193,0,0,0.0027831213898025452,18.106109774112703,2.143432104587555,0.07002001273213278,0.0003,0,0,0,386.46401904854713
397312,194,0,0,-0.001843174663372338,16.996963107585906,2.247647911310196,0.05368533283617825,0.0003,0,0,0,375.187413523884
399360,195,0,0,-0.008174718188820406,49.71392664909363,2.1999237447977067,0.027908705415032497,0.0003,0,0,0,411.3168340237747
401408,196,0,0,-0.00791277172975242,59.37334494590759,2.154271298646927,0.020952801718343413,0.0003,0,0,0,410.28544200640374
403456,197,0,0,-0.006370668241288513,84.76369342803955,2.190014514327049,0.014587662665874204,0.0003,0,0,0,399.46450849401015
405504,198,0,0,-0.007625922118313611,61.615168285369876,2.2256122559309004,0.016920463218551347,0.0003,0,0,0,420.45789397840974
407552,199,0,0,-0.003141494048759341,44.14265036582947,2.1545707672834395,0.01870951287878872,0.0003,0,0,0,407.66310881792936
409600,200,115.03247829658885,115.5,-0.003985751827713102,57.21195073127747,2.153787672519684,0.013789724690289598,0.0003,0.3,0.7,0.0,428.471718132298
411648,201,0,0,-0.005062994064064697,64.05487322807312,2.100788873434067,0.017960907071396914,0.0003,0,0,0,361.67461895141435
413696,202,0,0,-0.004781070444732904,64.81609416007996,2.135166084766388,0.015634098427839017,0.0003,0,0,0,388.342291208935
415744,203,0,0,-0.0030391775304451584,81.7822413444519,2.1604914903640746,0.0186690968177617,0.0003,0,0,0,372.0268899099086
417792,204,0,0,0.0019516258733347058,64.94449234008789,2.199725925922394,0.03623023776163253,0.0003,0,0,0,410.74842576717657
419840,205,0,0,0.01933652686420828,55.48728532791138,2.2319123446941376,0.09104391158035066,0.0003,0,0,0,380.46886487512154
421888,206,0,0,-0.006204040907323361,69.60109376907349,2.3103833466768267,0.016427411099723743,0.0003,0,0,0,409.2258498932908
423936,207,0,0,-0.004788821417605504,58.52445316314697,2.291472387313843,0.024834901723082385,0.0003,0,0,0,424.9917742933134
425984,208,0,0,-0.0011639118660241366,40.48418617248535,2.354353255033493,0.012617813822001231,0.0003,0,0,0,369.97629385765333
428032,209,0,0,0.00827574300346896,52.66641728878021,2.3179993867874145,0.08070591941068934,0.0003,0,0,0,407.57316525438404
430080,210,0,0,0.005664110579527914,73.59183130264282,2.4424476087093354,0.0385207222949279,0.0003,0,0,0,414.64675722768834
432128,211,0,0,-0.003071511280722916,44.316068696975705,2.4088827192783357,0.02410492060007951,0.0003,0,0,0,419.30984841857963
434176,212,0,0,-0.001839839166495949,64.2770432472229,2.433930206298828,0.028484233844214685,0.0003,0,0,0,381.1340066278777
436224,213,0,0,-0.0013724877033382654,67.09043197631836,2.5015937596559525,0.03096754698763397,0.0003,0,0,0,397.7853049765358
438272,214,0,0,0.005779950320720673,60.61251454353332,2.494638425111771,0.038621624081864966,0.0003,0,0,0,386.0618386786751
440320,215,0,0,-0.005709953582845628,69.25595583915711,2.6099555879831313,0.0286093589325926,0.0003,0,0,0,419.6604755771377
442368,216,0,0,0.0002467801095917821,68.70641283988952,2.4912335366010665,0.046354620347854356,0.0003,0,0,0,368.12644378233557
444416,217,0,0,-0.004296688351314515,70.13212776184082,2.5845535814762117,0.028743963380114385,0.0003,0,0,0,345.9860715177586
446464,218,0,0,-0.0005083927593659609,51.18015275001526,2.6163896322250366,0.03773026490817377,0.0003,0,0,0,398.03111607616364
448512,219,0,0,0.01148506156168878,50.04839425086975,2.6230800092220306,0.07320924705127534,0.0003,0,0,0,404.2068223949225
450560,220,138.86289118337223,147.8,0.0004893705307040363,59.48419890403748,2.7708938896656035,0.043637437674627744,0.0003,0.6,0.4,0.0,361.07356066008447
452608,221,0,0,-0.0036238264408893885,61.593405628204344,2.72556686103344,0.02517753477223337,0.0003,0,0,0,427.38682767845836
454656,222,0,0,-5.150884389877319e-05,74.71311540603638,2.686367765069008,0.02990329483873535,0.0003,0,0,0,388.3779167448854
456704,223,0,0,-0.004534314491320401,101.88558087348937,2.7062754571437835,0.014256384025797092,0.0003,0,0,0,389.79729759961543
458752,224,0,0,-0.003249739017337561,73.47486209869385,2.773016282916069,0.018238249098071403,0.0003,0,0,0,378.8895176218931
460800,225,0,0,0.00864030213560909,45.90454585552216,2.742943975329399,0.045734124508456125,0.0003,0,0,0,368.1034907489832
462848,226,0,0,0.00017966327723115683,64.5887156009674,2.7891851007938384,0.03532885390778341,0.0003,0,0,0,419.64347971413804
464896,227,0,0,0.0012822794960811734,71.06723895072938,2.9027811765670775,0.03281949686789178,0.0003,0,0,0,400.66901469514943
466944,228,0,0,0.012709989177528769,72.47437925338745,2.8145295321941375,0.06560188959120229,0.0003,0,0,0,416.20081982979923
468992,229,0,0,-0.00313901393674314,72.24089398384095,2.7952507108449938,0.019702489458725943,0.0003,0,0,0,372.35703459535296
471040,230,0,0,0.000728217838332057,67.72748427391052,2.800376608967781,0.04065591866383958,0.0003,0,0,0,376.0368821883675
473088,231,0,0,0.01903398729627952,63.20805187225342,3.078361901640892,0.10062163954135421,0.0003,0,0,0,386.0246244241662
475136,232,0,0,-0.0018798285746015608,80.02276663780212,2.9800646781921385,0.047508795198524745,0.0003,0,0,0,349.6059634847425
477184,233,0,0,0.0012760818121023477,58.878073406219485,2.8570425480604174,0.019914844783492237,0.0003,0,0,0,427.4781989186162
479232,234,0,0,0.01015685620950535,55.54535577297211,2.922267660498619,0.06884220784413934,0.0003,0,0,0,419.66055758705164
481280,235,0,0,0.005106355610769242,165.71304759979247,2.8361139446496964,0.04738853750750659,0.0003,0,0,0,387.5621380761314
483328,236,0,0,0.0036263670306652786,95.92751970291138,2.8186230033636095,0.06391368100885644,0.0003,0,0,0,414.48127500236194
485376,237,0,0,0.018575193802826108,37.0016827583313,2.7432206213474273,0.08353099304659077,0.0003,0,0,0,368.4332162530297
487424,238,0,0,0.013387040351517498,43.761683869361875,2.823164162039757,0.0796620801906133,0.0003,0,0,0,361.92709451943404
489472,239,0,0,0.015777015185449272,73.3440047264099,2.719612383842468,0.11805336086545488,0.0003,0,0,0,421.055679032939
491520,240,125.82382690180016,178.5,0.013456525502260775,45.52935156822205,2.8431846886873244,0.0926944491104253,0.0003,0.3,0.7,0.0,421.27165333169074
493568,241,0,0,0.004811424354556948,43.73171887397766,2.8543787717819216,0.05259427694254781,0.0003,0,0,0,357.6751037827824
495616,242,0,0,0.0383865139214322,87.8969337463379,3.073138043284416,0.19130397902336313,0.0003,0,0,0,353.1413100984589
497664,243,0,0,-0.008577636338304728,98.16352462768555,2.6804800778627396,0.02702853132214289,0.0003,0,0,0,407.7816241092586
499712,244,0,0,-0.0047723809082526715,54.377169370651245,2.987311598658562,0.03214346593595481,0.0003,0,0,0,340.06644656005125
501760,245,0,0,-0.0079739457112737,69.75365247726441,2.9143132895231245,0.02787580853037499,0.0003,0,0,0,371.01678559234534
